-- MySQL dump 10.13  Distrib 8.0.19, for Win64 (x86_64)
--
-- Host: localhost    Database: sistemperbankan
-- ------------------------------------------------------
-- Server version	8.0.30

/*!40101 SET @OLD_CHARACTER_SET_CLIENT=@@CHARACTER_SET_CLIENT */;
/*!40101 SET @OLD_CHARACTER_SET_RESULTS=@@CHARACTER_SET_RESULTS */;
/*!40101 SET @OLD_COLLATION_CONNECTION=@@COLLATION_CONNECTION */;
/*!50503 SET NAMES utf8mb4 */;
/*!40103 SET @OLD_TIME_ZONE=@@TIME_ZONE */;
/*!40103 SET TIME_ZONE='+00:00' */;
/*!40014 SET @OLD_UNIQUE_CHECKS=@@UNIQUE_CHECKS, UNIQUE_CHECKS=0 */;
/*!40014 SET @OLD_FOREIGN_KEY_CHECKS=@@FOREIGN_KEY_CHECKS, FOREIGN_KEY_CHECKS=0 */;
/*!40101 SET @OLD_SQL_MODE=@@SQL_MODE, SQL_MODE='NO_AUTO_VALUE_ON_ZERO' */;
/*!40111 SET @OLD_SQL_NOTES=@@SQL_NOTES, SQL_NOTES=0 */;

--
-- Table structure for table `additional_data`
--

DROP TABLE IF EXISTS `additional_data`;
/*!40101 SET @saved_cs_client     = @@character_set_client */;
/*!50503 SET character_set_client = utf8mb4 */;
CREATE TABLE `additional_data` (
  `id` bigint unsigned NOT NULL AUTO_INCREMENT,
  `negara_masters_id` bigint unsigned NOT NULL,
  `name` varchar(255) CHARACTER SET utf8mb4 COLLATE utf8mb4_unicode_ci NOT NULL,
  `value` double NOT NULL,
  `jenis` varchar(255) CHARACTER SET utf8mb4 COLLATE utf8mb4_unicode_ci NOT NULL,
  `created_at` timestamp NULL DEFAULT NULL,
  `updated_at` timestamp NULL DEFAULT NULL,
  PRIMARY KEY (`id`),
  KEY `additional_data_negara_masters_id_foreign` (`negara_masters_id`),
  CONSTRAINT `additional_data_negara_masters_id_foreign` FOREIGN KEY (`negara_masters_id`) REFERENCES `negara_masters` (`id`) ON DELETE CASCADE
) ENGINE=InnoDB AUTO_INCREMENT=10 DEFAULT CHARSET=utf8mb4 COLLATE=utf8mb4_unicode_ci;
/*!40101 SET character_set_client = @saved_cs_client */;

--
-- Dumping data for table `additional_data`
--

LOCK TABLES `additional_data` WRITE;
/*!40000 ALTER TABLE `additional_data` DISABLE KEYS */;
INSERT INTO `additional_data` VALUES (1,1,'consistency_ratio',0.043876172280506,'a','2023-03-29 02:33:44','2023-05-18 12:05:32'),(2,1,'weight_inpf',0.70003492719273,'a','2023-05-17 19:29:39','2023-05-17 19:29:39'),(3,1,'weight_icar',0.08177141878944,'a','2023-05-17 19:29:39','2023-05-17 19:29:39'),(4,1,'weight_iipr',0.15362348363459,'a','2023-05-17 19:29:39','2023-05-17 19:29:39'),(5,1,'weight_ifdr',0.064570170383237,'a','2023-05-17 19:29:39','2023-05-17 19:29:39'),(6,1,'average_treshold',1.2657588129855,'a','2023-05-18 16:19:18','2023-05-18 16:19:18'),(7,1,'consistency_ratio',0.043876172280506,'b','2023-06-11 05:04:16','2023-06-11 05:04:16'),(8,1,'average_treshold',1.1044923629829,'b','2023-06-11 10:43:13','2023-06-11 11:19:21');
/*!40000 ALTER TABLE `additional_data` ENABLE KEYS */;
UNLOCK TABLES;

--
-- Table structure for table `failed_jobs`
--

DROP TABLE IF EXISTS `failed_jobs`;
/*!40101 SET @saved_cs_client     = @@character_set_client */;
/*!50503 SET character_set_client = utf8mb4 */;
CREATE TABLE `failed_jobs` (
  `id` bigint unsigned NOT NULL AUTO_INCREMENT,
  `uuid` varchar(255) CHARACTER SET utf8mb4 COLLATE utf8mb4_unicode_ci NOT NULL,
  `connection` text CHARACTER SET utf8mb4 COLLATE utf8mb4_unicode_ci NOT NULL,
  `queue` text CHARACTER SET utf8mb4 COLLATE utf8mb4_unicode_ci NOT NULL,
  `payload` longtext CHARACTER SET utf8mb4 COLLATE utf8mb4_unicode_ci NOT NULL,
  `exception` longtext CHARACTER SET utf8mb4 COLLATE utf8mb4_unicode_ci NOT NULL,
  `failed_at` timestamp NOT NULL DEFAULT CURRENT_TIMESTAMP,
  PRIMARY KEY (`id`),
  UNIQUE KEY `failed_jobs_uuid_unique` (`uuid`)
) ENGINE=InnoDB DEFAULT CHARSET=utf8mb4 COLLATE=utf8mb4_unicode_ci;
/*!40101 SET character_set_client = @saved_cs_client */;

--
-- Dumping data for table `failed_jobs`
--

LOCK TABLES `failed_jobs` WRITE;
/*!40000 ALTER TABLE `failed_jobs` DISABLE KEYS */;
/*!40000 ALTER TABLE `failed_jobs` ENABLE KEYS */;
UNLOCK TABLES;

--
-- Table structure for table `migrations`
--

DROP TABLE IF EXISTS `migrations`;
/*!40101 SET @saved_cs_client     = @@character_set_client */;
/*!50503 SET character_set_client = utf8mb4 */;
CREATE TABLE `migrations` (
  `id` int unsigned NOT NULL AUTO_INCREMENT,
  `migration` varchar(255) CHARACTER SET utf8mb4 COLLATE utf8mb4_unicode_ci NOT NULL,
  `batch` int NOT NULL,
  PRIMARY KEY (`id`)
) ENGINE=InnoDB AUTO_INCREMENT=12 DEFAULT CHARSET=utf8mb4 COLLATE=utf8mb4_unicode_ci;
/*!40101 SET character_set_client = @saved_cs_client */;

--
-- Dumping data for table `migrations`
--

LOCK TABLES `migrations` WRITE;
/*!40000 ALTER TABLE `migrations` DISABLE KEYS */;
INSERT INTO `migrations` VALUES (1,'2014_10_12_000000_create_users_table',1),(2,'2014_10_12_100000_create_password_resets_table',1),(3,'2014_10_12_200000_add_two_factor_columns_to_users_table',1),(4,'2019_08_19_000000_create_failed_jobs_table',1),(5,'2019_12_14_000001_create_personal_access_tokens_table',1),(6,'2022_09_11_30_create_negara_masters_table',1),(7,'2022_09_11_31_create_variable_masters_table',1),(8,'2022_09_11_32_create_variable_data_table',1),(9,'2022_09_11_33_variable_weight_table',1),(10,'2022_09_11_34_create_additional_data_table',1),(11,'2023_01_18_105546_create_null_hypothesis_data_table',1);
/*!40000 ALTER TABLE `migrations` ENABLE KEYS */;
UNLOCK TABLES;

--
-- Table structure for table `negara_masters`
--

DROP TABLE IF EXISTS `negara_masters`;
/*!40101 SET @saved_cs_client     = @@character_set_client */;
/*!50503 SET character_set_client = utf8mb4 */;
CREATE TABLE `negara_masters` (
  `id` bigint unsigned NOT NULL AUTO_INCREMENT,
  `nama_negara` varchar(255) CHARACTER SET utf8mb4 COLLATE utf8mb4_unicode_ci NOT NULL,
  `created_at` timestamp NULL DEFAULT NULL,
  `updated_at` timestamp NULL DEFAULT NULL,
  `code` varchar(100) CHARACTER SET utf8mb4 COLLATE utf8mb4_unicode_ci NOT NULL,
  PRIMARY KEY (`id`)
) ENGINE=InnoDB AUTO_INCREMENT=4 DEFAULT CHARSET=utf8mb4 COLLATE=utf8mb4_unicode_ci;
/*!40101 SET character_set_client = @saved_cs_client */;

--
-- Dumping data for table `negara_masters`
--

LOCK TABLES `negara_masters` WRITE;
/*!40000 ALTER TABLE `negara_masters` DISABLE KEYS */;
INSERT INTO `negara_masters` VALUES (1,'Indonesia','2023-03-28 18:17:55','2023-03-28 18:17:55','id'),(2,'Amerika',NULL,'2023-07-08 04:38:50','usa');
/*!40000 ALTER TABLE `negara_masters` ENABLE KEYS */;
UNLOCK TABLES;

--
-- Table structure for table `null_hypothesis_data`
--

DROP TABLE IF EXISTS `null_hypothesis_data`;
/*!40101 SET @saved_cs_client     = @@character_set_client */;
/*!50503 SET character_set_client = utf8mb4 */;
CREATE TABLE `null_hypothesis_data` (
  `id` bigint unsigned NOT NULL AUTO_INCREMENT,
  `null_hypothesis` varchar(255) CHARACTER SET utf8mb4 COLLATE utf8mb4_unicode_ci NOT NULL,
  `group_id` int DEFAULT NULL,
  `obs` double DEFAULT NULL,
  `fStatic` double DEFAULT NULL,
  `prob` double DEFAULT NULL,
  `jenis` varchar(255) CHARACTER SET utf8mb4 COLLATE utf8mb4_unicode_ci NOT NULL,
  `id_negara` bigint unsigned DEFAULT NULL,
  `created_at` timestamp NULL DEFAULT NULL,
  `updated_at` timestamp NULL DEFAULT NULL,
  PRIMARY KEY (`id`),
  KEY `null_hypothesis_data_id_negara_foreign` (`id_negara`),
  CONSTRAINT `null_hypothesis_data_id_negara_foreign` FOREIGN KEY (`id_negara`) REFERENCES `negara_masters` (`id`)
) ENGINE=InnoDB AUTO_INCREMENT=25 DEFAULT CHARSET=utf8mb4 COLLATE=utf8mb4_unicode_ci;
/*!40101 SET character_set_client = @saved_cs_client */;

--
-- Dumping data for table `null_hypothesis_data`
--

LOCK TABLES `null_hypothesis_data` WRITE;
/*!40000 ALTER TABLE `null_hypothesis_data` DISABLE KEYS */;
INSERT INTO `null_hypothesis_data` VALUES (1,'CAR Does not Granger Cause NPF',1,135,0.60072,0.6995,'a',1,'2023-03-28 18:18:03','2023-03-28 18:18:03'),(2,'NPF Does not Granger Cause CAR',1,NULL,143.734,0.2155,'a',1,'2023-03-28 18:18:03','2023-03-28 18:18:03'),(3,'IPR Does not Granger Cause NPF',2,135,0.87309,0.5013,'a',1,'2023-03-28 18:18:03','2023-03-28 18:18:03'),(4,'NPF Does not Granger Cause IPR',2,NULL,0.55142,0.737,'a',1,'2023-03-28 18:18:03','2023-03-28 18:18:03'),(5,'FDR Does not Granger Cause NPF',3,135,249.73,0.0343,'a',1,'2023-03-28 18:18:03','2023-03-28 18:18:03'),(6,'FDR Does not Granger Cause NPF',3,NULL,249.73,0.0564,'a',1,'2023-03-28 18:18:03','2023-03-28 18:18:03'),(7,'IPR Does not Granger Cause CAR',4,135,314366,0.0105,'a',1,'2023-03-28 18:18:03','2023-03-28 18:18:03'),(8,'CAR Does not Granger Cause IPR',4,NULL,123.709,0.2958,'a',1,'2023-03-28 18:18:03','2023-03-28 18:18:03'),(9,'FDR Does not Granger Cause CAR',5,135,331.48,0.011,'a',1,'2023-03-28 18:18:03','2023-03-28 18:18:03'),(10,'CAR Does not Granger Cause FDR',5,NULL,0.56854,0.724,'a',1,'2023-03-28 18:18:03','2023-03-28 18:18:03'),(11,'FDR Does not Granger Cause IPR',6,135,157.375,0.1723,'a',1,'2023-03-28 18:18:03','2023-03-28 18:18:03'),(12,'IPR Does not Granger Cause FDR',6,NULL,204.928,NULL,'a',1,'2023-03-28 18:18:03','2023-03-28 18:18:03'),(13,' INF does not Granger Cause GDP',7,140,0.02662,0.8706,'b',1,'2023-06-11 07:23:52','2023-06-11 07:23:52'),(14,' GDP does not Granger Cause INF',7,NULL,197.76,0.1619,'b',1,'2023-06-11 07:23:52','2023-06-11 07:23:52'),(15,' ER does not Granger Cause GDP',8,140,295.645,0.0878,'b',1,'2023-06-11 07:23:52','2023-06-11 07:23:52'),(16,' GDP does not Granger Cause ER',8,NULL,0.98747,0.3221,'b',1,'2023-06-11 07:23:52','2023-06-11 07:23:52'),(17,' JII does not Granger Cause GDP',9,140,293.833,0.0888,'b',1,'2023-06-11 07:23:52','2023-06-11 07:23:52'),(18,' GDP does not Granger Cause JII',9,NULL,0.22763,0.634,'b',1,'2023-06-11 07:23:52','2023-06-11 07:23:52'),(19,' ER does not Granger Cause INF',10,140,360166,0.0598,'b',1,'2023-06-11 07:23:52','2023-06-11 07:23:52'),(20,' INF does not Granger Cause ER',10,NULL,147437,0.2267,'b',1,'2023-06-11 07:23:52','2023-06-11 07:23:52'),(21,' JII does not Granger Cause INF',11,140,0.02051,0.8863,'b',1,'2023-06-11 07:23:52','2023-06-11 07:23:52'),(22,' INF does not Granger Cause JII',11,NULL,0.05519,0.8146,'b',1,'2023-06-11 07:23:52','2023-06-11 07:23:52'),(23,' JII does not Granger Cause ER',12,140,287116,0.0000003,'b',1,'2023-06-11 07:23:52','2023-06-11 07:23:52'),(24,' ER does not Granger Cause JII',12,NULL,0.88516,0.3484,'b',1,'2023-06-11 07:23:52','2023-06-11 07:23:52');
/*!40000 ALTER TABLE `null_hypothesis_data` ENABLE KEYS */;
UNLOCK TABLES;

--
-- Table structure for table `password_resets`
--

DROP TABLE IF EXISTS `password_resets`;
/*!40101 SET @saved_cs_client     = @@character_set_client */;
/*!50503 SET character_set_client = utf8mb4 */;
CREATE TABLE `password_resets` (
  `email` varchar(255) CHARACTER SET utf8mb4 COLLATE utf8mb4_unicode_ci NOT NULL,
  `token` varchar(255) CHARACTER SET utf8mb4 COLLATE utf8mb4_unicode_ci NOT NULL,
  `created_at` timestamp NULL DEFAULT NULL,
  KEY `password_resets_email_index` (`email`)
) ENGINE=InnoDB DEFAULT CHARSET=utf8mb4 COLLATE=utf8mb4_unicode_ci;
/*!40101 SET character_set_client = @saved_cs_client */;

--
-- Dumping data for table `password_resets`
--

LOCK TABLES `password_resets` WRITE;
/*!40000 ALTER TABLE `password_resets` DISABLE KEYS */;
/*!40000 ALTER TABLE `password_resets` ENABLE KEYS */;
UNLOCK TABLES;

--
-- Table structure for table `personal_access_tokens`
--

DROP TABLE IF EXISTS `personal_access_tokens`;
/*!40101 SET @saved_cs_client     = @@character_set_client */;
/*!50503 SET character_set_client = utf8mb4 */;
CREATE TABLE `personal_access_tokens` (
  `id` bigint unsigned NOT NULL AUTO_INCREMENT,
  `tokenable_type` varchar(255) CHARACTER SET utf8mb4 COLLATE utf8mb4_unicode_ci NOT NULL,
  `tokenable_id` bigint unsigned NOT NULL,
  `name` varchar(255) CHARACTER SET utf8mb4 COLLATE utf8mb4_unicode_ci NOT NULL,
  `token` varchar(64) CHARACTER SET utf8mb4 COLLATE utf8mb4_unicode_ci NOT NULL,
  `abilities` text CHARACTER SET utf8mb4 COLLATE utf8mb4_unicode_ci,
  `last_used_at` timestamp NULL DEFAULT NULL,
  `created_at` timestamp NULL DEFAULT NULL,
  `updated_at` timestamp NULL DEFAULT NULL,
  PRIMARY KEY (`id`),
  UNIQUE KEY `personal_access_tokens_token_unique` (`token`),
  KEY `personal_access_tokens_tokenable_type_tokenable_id_index` (`tokenable_type`,`tokenable_id`)
) ENGINE=InnoDB DEFAULT CHARSET=utf8mb4 COLLATE=utf8mb4_unicode_ci;
/*!40101 SET character_set_client = @saved_cs_client */;

--
-- Dumping data for table `personal_access_tokens`
--

LOCK TABLES `personal_access_tokens` WRITE;
/*!40000 ALTER TABLE `personal_access_tokens` DISABLE KEYS */;
/*!40000 ALTER TABLE `personal_access_tokens` ENABLE KEYS */;
UNLOCK TABLES;

--
-- Table structure for table `users`
--

DROP TABLE IF EXISTS `users`;
/*!40101 SET @saved_cs_client     = @@character_set_client */;
/*!50503 SET character_set_client = utf8mb4 */;
CREATE TABLE `users` (
  `id` bigint unsigned NOT NULL AUTO_INCREMENT,
  `name` varchar(255) CHARACTER SET utf8mb4 COLLATE utf8mb4_unicode_ci NOT NULL,
  `username` varchar(255) CHARACTER SET utf8mb4 COLLATE utf8mb4_unicode_ci NOT NULL,
  `email` varchar(255) CHARACTER SET utf8mb4 COLLATE utf8mb4_unicode_ci NOT NULL,
  `email_verified_at` timestamp NULL DEFAULT NULL,
  `password` varchar(255) CHARACTER SET utf8mb4 COLLATE utf8mb4_unicode_ci NOT NULL,
  `two_factor_secret` text CHARACTER SET utf8mb4 COLLATE utf8mb4_unicode_ci,
  `two_factor_recovery_codes` text CHARACTER SET utf8mb4 COLLATE utf8mb4_unicode_ci,
  `two_factor_confirmed_at` timestamp NULL DEFAULT NULL,
  `role` tinyint(1) NOT NULL DEFAULT '0',
  `profile_picture` varchar(255) CHARACTER SET utf8mb4 COLLATE utf8mb4_unicode_ci NOT NULL DEFAULT 'profile.png',
  `address` varchar(255) CHARACTER SET utf8mb4 COLLATE utf8mb4_unicode_ci DEFAULT NULL,
  `email_notification` tinyint(1) NOT NULL DEFAULT '0',
  `remember_token` varchar(100) CHARACTER SET utf8mb4 COLLATE utf8mb4_unicode_ci DEFAULT NULL,
  `created_at` timestamp NULL DEFAULT NULL,
  `updated_at` timestamp NULL DEFAULT NULL,
  PRIMARY KEY (`id`),
  UNIQUE KEY `users_username_unique` (`username`),
  UNIQUE KEY `users_email_unique` (`email`)
) ENGINE=InnoDB AUTO_INCREMENT=14 DEFAULT CHARSET=utf8mb4 COLLATE=utf8mb4_unicode_ci;
/*!40101 SET character_set_client = @saved_cs_client */;

--
-- Dumping data for table `users`
--

LOCK TABLES `users` WRITE;
/*!40000 ALTER TABLE `users` DISABLE KEYS */;
INSERT INTO `users` VALUES (1,'Super Admin','superadmin','superadmin@gmail.com','2023-03-28 18:17:55','$2y$10$92IXUNpkjO0rOQ5byMi.Ye4oKoEa3Ro9llC/.og/at2.uheWG/igi',NULL,NULL,NULL,2,'profile.png','Jl Tanjung Duren Timur 5',0,NULL,'2023-03-28 18:17:55','2023-03-28 18:17:55'),(2,'Admin','admin','admin@gmail.com','2023-03-28 18:17:55','$2y$10$92IXUNpkjO0rOQ5byMi.Ye4oKoEa3Ro9llC/.og/at2.uheWG/igi',NULL,NULL,NULL,1,'profile.png','Jl Tanjung Duren Timur 5',0,NULL,'2023-03-28 18:17:55','2023-03-28 18:17:55'),(3,'User','user edit','user@gmail.com','2023-03-28 18:17:55','$2y$10$92IXUNpkjO0rOQ5byMi.Ye4oKoEa3Ro9llC/.og/at2.uheWG/igi',NULL,NULL,NULL,0,'profile.png','Jl Tanjung Duren Timur 5',0,NULL,'2023-03-28 18:17:55','2023-07-08 15:18:40');
/*!40000 ALTER TABLE `users` ENABLE KEYS */;
UNLOCK TABLES;

--
-- Table structure for table `variable_data`
--

DROP TABLE IF EXISTS `variable_data`;
/*!40101 SET @saved_cs_client     = @@character_set_client */;
/*!50503 SET character_set_client = utf8mb4 */;
CREATE TABLE `variable_data` (
  `id` bigint unsigned NOT NULL AUTO_INCREMENT,
  `negara_masters_id` bigint unsigned NOT NULL,
  `variable_masters_id` bigint unsigned NOT NULL,
  `tahun` year NOT NULL,
  `bulan` int NOT NULL,
  `value` double NOT NULL,
  `value_index` double DEFAULT NULL,
  `created_at` timestamp NULL DEFAULT NULL,
  `updated_at` timestamp NULL DEFAULT NULL,
  PRIMARY KEY (`id`),
  KEY `variable_data_negara_masters_id_foreign` (`negara_masters_id`),
  KEY `variable_data_variable_masters_id_foreign` (`variable_masters_id`),
  CONSTRAINT `variable_data_negara_masters_id_foreign` FOREIGN KEY (`negara_masters_id`) REFERENCES `negara_masters` (`id`) ON DELETE CASCADE,
  CONSTRAINT `variable_data_variable_masters_id_foreign` FOREIGN KEY (`variable_masters_id`) REFERENCES `variable_masters` (`id`) ON DELETE CASCADE
) ENGINE=InnoDB AUTO_INCREMENT=1425 DEFAULT CHARSET=utf8mb4 COLLATE=utf8mb4_unicode_ci;
/*!40101 SET character_set_client = @saved_cs_client */;

--
-- Dumping data for table `variable_data`
--

LOCK TABLES `variable_data` WRITE;
/*!40000 ALTER TABLE `variable_data` DISABLE KEYS */;
INSERT INTO `variable_data` VALUES (1,1,1,2010,1,4.36,28.064188627564,'2023-03-28 18:17:55','2023-05-16 16:01:34'),(2,1,2,2010,1,11.26,-29.084343344252,'2023-03-28 18:17:55','2023-05-16 16:01:35'),(3,1,3,2010,1,35.890963088672,-14.114310798428,'2023-03-28 18:17:55','2023-05-16 16:01:36'),(4,1,4,2010,1,88.67,11.689776815018,'2023-03-28 18:17:55','2023-05-16 16:01:38'),(5,1,1,2010,2,4.75,37.847762125817,'2023-03-28 18:17:55','2023-05-16 16:01:34'),(6,1,2,2010,2,11.43,-28.554493366412,'2023-03-28 18:17:55','2023-05-16 16:01:35'),(7,1,3,2010,2,35.7206212999443,-14.953557304303,'2023-03-28 18:17:55','2023-05-16 16:01:36'),(8,1,4,2010,2,90.96,14.423320823602,'2023-03-28 18:17:55','2023-05-16 16:01:38'),(9,1,1,2010,3,4.53,32.328823229367,'2023-03-28 18:17:55','2023-05-16 16:01:34'),(10,1,2,2010,3,11.07,-29.676528613602,'2023-03-28 18:17:55','2023-05-16 16:01:35'),(11,1,3,2010,3,35.7168465920408,-14.972154681038,'2023-03-28 18:17:55','2023-05-16 16:01:36'),(12,1,4,2010,3,95.07,19.329375790974,'2023-03-28 18:17:56','2023-05-16 16:01:38'),(13,1,1,2010,4,4.47,30.823658075789,'2023-03-28 18:17:56','2023-05-16 16:01:34'),(14,1,2,2010,4,12.12,-26.403925809298,'2023-03-28 18:17:56','2023-05-16 16:01:35'),(15,1,3,2010,4,35.9431569572709,-13.8571600301,'2023-03-28 18:17:56','2023-05-16 16:01:36'),(16,1,4,2010,4,95.57,19.92621946097,'2023-03-28 18:17:56','2023-05-16 16:01:38'),(17,1,1,2010,5,4.77,38.349483843676,'2023-03-28 18:17:56','2023-05-16 16:01:34'),(18,1,2,2010,5,12.31,-25.811740539947,'2023-03-28 18:17:56','2023-05-16 16:01:35'),(19,1,3,2010,5,36.0389305375496,-13.385299054561,'2023-03-28 18:17:56','2023-05-16 16:01:36'),(20,1,4,2010,5,96.65,21.215401788163,'2023-03-28 18:17:56','2023-05-16 16:01:38'),(21,1,1,2010,6,3.89,16.273728257875,'2023-03-28 18:17:56','2023-05-16 16:01:34'),(22,1,2,2010,6,12.89,-24.004017086141,'2023-03-28 18:17:56','2023-05-16 16:01:35'),(23,1,3,2010,6,35.8649486568341,-14.242479706277,'2023-03-28 18:17:56','2023-05-16 16:01:36'),(24,1,4,2010,6,96.08,20.535000004367,'2023-03-28 18:17:56','2023-05-16 16:01:38'),(25,1,1,2010,7,4.14,22.545249731114,'2023-03-28 18:17:56','2023-05-16 16:01:34'),(26,1,2,2010,7,14.66,-18.487343787457,'2023-03-28 18:17:56','2023-05-16 16:01:35'),(27,1,3,2010,7,35.571634306734,-15.687592178579,'2023-03-28 18:17:56','2023-05-16 16:01:36'),(28,1,4,2010,7,95.32,19.627797625972,'2023-03-28 18:17:56','2023-05-16 16:01:38'),(29,1,1,2010,8,4.1,21.541806295396,'2023-03-28 18:17:56','2023-05-16 16:01:34'),(30,1,2,2010,8,14.23,-19.827552554934,'2023-03-28 18:17:56','2023-05-16 16:01:35'),(31,1,3,2010,8,35.7196184155952,-14.958498353661,'2023-03-28 18:17:56','2023-05-16 16:01:36'),(32,1,4,2010,8,98.86,23.853450809547,'2023-03-28 18:17:56','2023-05-16 16:01:38'),(33,1,1,2010,9,3.95,17.778893411452,'2023-03-28 18:17:56','2023-05-16 16:01:34'),(34,1,2,2010,9,14.58,-18.736684953499,'2023-03-28 18:17:56','2023-05-16 16:01:35'),(35,1,3,2010,9,35.4223388551747,-16.423146777365,'2023-03-28 18:17:56','2023-05-16 16:01:36'),(36,1,4,2010,9,95.4,19.723292613171,'2023-03-28 18:17:56','2023-05-16 16:01:38'),(37,1,1,2010,10,3.95,17.778893411452,'2023-03-28 18:17:56','2023-05-16 16:01:34'),(38,1,2,2010,10,15.74,-15.121238045886,'2023-03-28 18:17:56','2023-05-16 16:01:35'),(39,1,3,2010,10,35.4853559806334,-16.112671568983,'2023-03-28 18:17:56','2023-05-16 16:01:36'),(40,1,4,2010,10,94.76,18.959332715576,'2023-03-28 18:17:56','2023-05-16 16:01:38'),(41,1,1,2010,11,3.99,18.78233684717,'2023-03-28 18:17:56','2023-05-16 16:01:34'),(42,1,2,2010,11,15.4,-16.180938001566,'2023-03-28 18:17:56','2023-05-16 16:01:35'),(43,1,3,2010,11,35.2552242880107,-17.246493283356,'2023-03-28 18:17:56','2023-05-16 16:01:36'),(44,1,4,2010,11,95.45,19.782976980171,'2023-03-28 18:17:56','2023-05-16 16:01:38'),(45,1,1,2010,12,3.02,-5.5511664689973,'2023-03-28 18:17:56','2023-05-16 16:01:34'),(46,1,2,2010,12,16.25,-13.531688112367,'2023-03-28 18:17:56','2023-05-16 16:01:35'),(47,1,3,2010,12,34.1077426262448,-22.899950267611,'2023-03-28 18:17:56','2023-05-16 16:01:36'),(48,1,4,2010,12,89.67,12.883464155011,'2023-03-28 18:17:56','2023-05-16 16:01:38'),(49,1,1,2011,1,3.28,0.97121586317138,'2023-03-28 18:17:56','2023-05-16 16:01:34'),(50,1,2,2011,1,20.23,-1.1269651017652,'2023-03-28 18:17:56','2023-05-16 16:14:12'),(51,1,3,2011,1,33.2166829212323,-27.290057648445,'2023-03-28 18:17:56','2023-05-16 16:01:36'),(52,1,4,2011,1,91.97,15.628945036995,'2023-03-28 18:17:56','2023-05-16 16:01:38'),(53,1,1,2011,2,3.66,10.503928502495,'2023-03-28 18:17:56','2023-05-16 16:01:34'),(54,1,2,2011,2,15.17,-16.897793853937,'2023-03-28 18:17:56','2023-05-16 16:14:12'),(55,1,3,2011,2,32.5868801522764,-30.392994263028,'2023-03-28 18:17:56','2023-05-16 16:01:36'),(56,1,4,2011,2,95.16,19.436807651573,'2023-03-28 18:17:56','2023-05-16 16:01:38'),(57,1,1,2011,3,3.6,8.9987633489174,'2023-03-28 18:17:56','2023-05-16 16:01:34'),(58,1,2,2011,3,16.57,-12.534323448198,'2023-03-28 18:17:56','2023-05-16 16:14:12'),(59,1,3,2011,3,31.9919733882806,-33.324003892163,'2023-03-28 18:17:56','2023-05-16 16:01:36'),(60,1,4,2011,3,93.22,17.121054211986,'2023-03-28 18:17:56','2023-05-16 16:01:38'),(61,1,1,2011,4,3.79,13.765119668579,'2023-03-28 18:17:56','2023-05-16 16:01:34'),(62,1,2,2011,4,19.86,-2.2801679947105,'2023-03-28 18:17:56','2023-05-16 16:14:12'),(63,1,3,2011,4,31.5611546892745,-35.446578103149,'2023-03-28 18:17:56','2023-05-16 16:01:36'),(64,1,4,2011,4,95.17,19.448744524973,'2023-03-28 18:17:56','2023-05-16 16:01:38'),(65,1,1,2011,5,3.76,13.01253709179,'2023-03-28 18:17:56','2023-05-16 16:01:34'),(66,1,2,2011,5,19.58,-3.1528620758584,'2023-03-28 18:17:56','2023-05-16 16:14:12'),(67,1,3,2011,5,31.1286075884964,-37.577667870762,'2023-03-28 18:17:56','2023-05-16 16:01:36'),(68,1,4,2011,5,94.88,19.102575196375,'2023-03-28 18:17:56','2023-05-16 16:01:38'),(69,1,1,2011,6,3.55,7.7444590542696,'2023-03-28 18:17:56','2023-05-16 16:01:34'),(70,1,2,2011,6,15.92,-14.560220422291,'2023-03-28 18:17:56','2023-05-16 16:14:12'),(71,1,3,2011,6,31.2820761111649,-36.821553224008,'2023-03-28 18:17:56','2023-05-16 16:01:37'),(72,1,4,2011,6,94.93,19.162259563374,'2023-03-28 18:17:56','2023-05-16 16:01:38'),(73,1,1,2011,7,3.75,12.761676232861,'2023-03-28 18:17:56','2023-05-16 16:01:34'),(74,1,2,2011,7,15.92,-14.560220422291,'2023-03-28 18:17:56','2023-05-16 16:14:12'),(75,1,3,2011,7,30.9700080420077,-38.359062243912,'2023-03-28 18:17:56','2023-05-16 16:01:37'),(76,1,4,2011,7,94.18,18.26699405838,'2023-03-28 18:17:57','2023-05-16 16:01:38'),(77,1,1,2011,8,3.53,7.2427373364105,'2023-03-28 18:17:57','2023-05-16 16:01:34'),(78,1,2,2011,8,15.83,-14.840729234089,'2023-03-28 18:17:57','2023-05-16 16:14:12'),(79,1,3,2011,8,29.9536116633532,-43.36668319084,'2023-03-28 18:17:57','2023-05-16 16:01:37'),(80,1,4,2011,8,98.39,23.292417759751,'2023-03-28 18:17:57','2023-05-16 16:01:38'),(81,1,1,2011,9,3.5,6.4901547596218,'2023-03-28 18:17:57','2023-05-16 16:01:34'),(82,1,2,2011,9,16.18,-13.749861632654,'2023-03-28 18:17:57','2023-05-16 16:14:12'),(83,1,3,2011,9,29.5123816499531,-45.540552267824,'2023-03-28 18:17:57','2023-05-16 16:01:37'),(84,1,4,2011,9,94.97,19.210007056974,'2023-03-28 18:17:57','2023-05-16 16:01:38'),(85,1,1,2011,10,3.11,-3.2934187386312,'2023-03-28 18:17:57','2023-05-16 16:01:34'),(86,1,2,2011,10,15.3,-16.492614459119,'2023-03-28 18:17:57','2023-05-16 16:14:12'),(87,1,3,2011,10,28.8404524559682,-48.851038980799,'2023-03-28 18:17:57','2023-05-16 16:01:37'),(88,1,4,2011,10,95.24,19.532302638772,'2023-03-28 18:17:57','2023-05-16 16:01:38'),(89,1,1,2011,11,2.74,-12.575270519025,'2023-03-28 18:17:57','2023-05-16 16:01:34'),(90,1,2,2011,11,14.88,-17.80165558084,'2023-03-28 18:17:57','2023-05-16 16:14:12'),(91,1,3,2011,11,28.5757389843805,-50.155239539848,'2023-03-28 18:17:57','2023-05-16 16:01:37'),(92,1,4,2011,11,94.4,18.529605273178,'2023-03-28 18:17:57','2023-05-16 16:01:38'),(93,1,1,2011,12,2.52,-18.094209415475,'2023-03-28 18:17:57','2023-05-16 16:01:34'),(94,1,2,2011,12,16.63,-12.347317573666,'2023-03-28 18:17:57','2023-05-16 16:14:12'),(95,1,3,2011,12,28.4340753007647,-50.853193649476,'2023-03-28 18:17:57','2023-05-16 16:01:37'),(96,1,4,2011,12,88.94,12.012072396816,'2023-03-28 18:17:57','2023-05-16 16:01:38'),(97,1,1,2012,1,2.68,-14.080435672602,NULL,'2023-05-16 16:01:34'),(98,1,2,2012,1,16.27,-13.469352820856,'2023-03-28 18:17:57','2023-05-16 16:01:35'),(99,1,3,2012,1,28.4121193049396,-50.961367297979,'2023-03-28 18:17:57','2023-05-16 16:01:37'),(100,1,4,2012,1,87.27,10.018614539027,'2023-03-28 18:17:57','2023-05-16 16:01:38'),(101,1,1,2012,2,2.82,-10.568383647589,'2023-03-28 18:17:57','2023-05-16 16:01:34'),(102,1,2,2012,2,15.91,-14.591388068046,'2023-03-28 18:17:57','2023-05-16 16:01:36'),(103,1,3,2012,2,28.2963562909182,-51.531712987975,'2023-03-28 18:17:57','2023-05-16 16:01:37'),(104,1,4,2012,2,90.49,13.862287773805,'2023-03-28 18:17:57','2023-05-16 16:01:38'),(105,1,1,2012,3,2.76,-12.073548801166,'2023-03-28 18:17:57','2023-05-16 16:01:34'),(106,1,2,2012,3,15.33,-16.399111521853,'2023-03-28 18:17:57','2023-05-16 16:01:36'),(107,1,3,2012,3,28.3406402594039,-51.313533021125,'2023-03-28 18:17:57','2023-05-16 16:01:37'),(108,1,4,2012,3,87.13,9.8514983114283,'2023-03-28 18:17:57','2023-05-16 16:01:38'),(109,1,1,2012,4,2.85,-9.8158010707998,'2023-03-28 18:17:57','2023-05-16 16:01:34'),(110,1,2,2012,4,14.97,-17.521146769043,'2023-03-28 18:17:57','2023-05-16 16:01:36'),(111,1,3,2012,4,28.2668456425202,-51.677107190649,'2023-03-28 18:17:57','2023-05-16 16:01:37'),(112,1,4,2012,4,95.39,19.711355739771,'2023-03-28 18:17:57','2023-05-16 16:01:38'),(113,1,1,2012,5,2.93,-7.8089141993633,'2023-03-28 18:17:57','2023-05-16 16:01:34'),(114,1,2,2012,5,13.4,-22.414467152622,'2023-03-28 18:17:57','2023-05-16 16:01:36'),(115,1,3,2012,5,28.1423912658183,-52.290273822091,'2023-03-28 18:17:57','2023-05-16 16:01:37'),(116,1,4,2012,5,97.95,22.767195330154,'2023-03-28 18:17:57','2023-05-16 16:01:38'),(117,1,1,2012,6,2.88,-9.0632184940112,'2023-03-28 18:17:57','2023-05-16 16:01:34'),(118,1,2,2012,6,16.12,-13.936867507186,'2023-03-28 18:17:57','2023-05-16 16:01:36'),(119,1,3,2012,6,28.2349139397238,-51.834429537671,'2023-03-28 18:17:57','2023-05-16 16:01:37'),(120,1,4,2012,6,98.59,23.531155227749,'2023-03-28 18:17:57','2023-05-16 16:01:38'),(121,1,1,2012,7,2.92,-8.0597750582929,'2023-03-28 18:17:57','2023-05-16 16:01:34'),(122,1,2,2012,7,16.12,-13.936867507186,'2023-03-28 18:17:57','2023-05-16 16:01:36'),(123,1,3,2012,7,27.5783640724506,-55.069144789621,'2023-03-28 18:17:57','2023-05-16 16:01:37'),(124,1,4,2012,7,99.91,25.10682251654,'2023-03-28 18:17:57','2023-05-16 16:01:38'),(125,1,1,2012,8,2.78,-11.571827083307,'2023-03-28 18:17:57','2023-05-16 16:01:34'),(126,1,2,2012,8,15.63,-15.464082149194,'2023-03-28 18:17:57','2023-05-16 16:01:36'),(127,1,3,2012,8,27.3966353464697,-55.964492897891,'2023-03-28 18:17:57','2023-05-16 16:01:37'),(128,1,4,2012,8,101.03,26.443752337332,'2023-03-28 18:17:57','2023-05-16 16:01:38'),(129,1,1,2012,9,2.74,-12.575270519025,'2023-03-28 18:17:57','2023-05-16 16:01:34'),(130,1,2,2012,9,14.98,-17.489979123288,'2023-03-28 18:17:57','2023-05-16 16:01:36'),(131,1,3,2012,9,27.4937287602507,-55.486129315661,'2023-03-28 18:17:57','2023-05-16 16:01:37'),(132,1,4,2012,9,102.1,27.720997791125,'2023-03-28 18:17:57','2023-05-16 16:01:38'),(133,1,1,2012,10,2.58,-16.589044261898,'2023-03-28 18:17:57','2023-05-16 16:01:34'),(134,1,2,2012,10,14.54,-18.86135553652,'2023-03-28 18:17:57','2023-05-16 16:01:36'),(135,1,3,2012,10,27.0281234096223,-57.780091745845,'2023-03-28 18:17:57','2023-05-16 16:01:37'),(136,1,4,2012,10,100.84,26.216951742734,'2023-03-28 18:17:57','2023-05-16 16:01:38'),(137,1,1,2012,11,2.5,-18.595931133335,'2023-03-28 18:17:57','2023-05-16 16:01:34'),(138,1,2,2012,11,14.82,-17.988661455372,'2023-03-28 18:17:57','2023-05-16 16:01:36'),(139,1,3,2012,11,26.8775210593081,-58.52208522391,'2023-03-28 18:17:57','2023-05-16 16:01:37'),(140,1,4,2012,11,101.19,26.634742311731,'2023-03-28 18:17:57','2023-05-16 16:01:38'),(141,1,1,2012,12,2.22,-25.620035183362,'2023-03-28 18:17:57','2023-05-16 16:01:34'),(142,1,2,2012,12,14.13,-20.139229012486,'2023-03-28 18:17:57','2023-05-16 16:01:36'),(143,1,3,2012,12,26.90756245551,-58.37407611245,'2023-03-28 18:17:57','2023-05-16 16:01:37'),(144,1,4,2012,12,100,25.214254377139,'2023-03-28 18:17:57','2023-05-16 16:01:38'),(145,1,1,2013,1,2.49,-18.846791992264,'2023-03-28 18:17:57','2023-05-16 16:01:34'),(146,1,2,2013,1,15.29,-16.523782104874,'2023-03-28 18:17:57','2023-05-16 16:01:36'),(147,1,3,2013,1,26.8046127532204,-58.881292683162,'2023-03-28 18:17:57','2023-05-16 16:01:37'),(148,1,4,2013,1,100.63,25.966277401335,'2023-03-28 18:17:58','2023-05-16 16:01:38'),(149,1,1,2013,2,2.72,-13.076992236884,'2023-03-28 18:17:58','2023-05-16 16:01:34'),(150,1,2,2013,2,15.2,-16.804290916671,'2023-03-28 18:17:58','2023-05-16 16:01:36'),(151,1,3,2013,2,26.57,-60.037191860015,'2023-03-28 18:17:58','2023-05-16 16:01:37'),(152,1,4,2013,2,102.17,27.804555904924,'2023-03-28 18:17:58','2023-05-16 16:01:38'),(153,1,1,2013,3,2.75,-12.324409660095,'2023-03-28 18:17:58','2023-05-16 16:01:35'),(154,1,2,2013,3,14.3,-19.609379034647,'2023-03-28 18:17:58','2023-05-16 16:01:36'),(155,1,3,2013,3,26.6693568413211,-59.547676735533,'2023-03-28 18:17:58','2023-05-16 16:01:37'),(156,1,4,2013,3,102.62,28.341715207921,'2023-03-28 18:17:58','2023-05-16 16:01:38'),(157,1,1,2013,4,2.85,-9.8158010707998,'2023-03-28 18:17:58','2023-05-16 16:01:35'),(158,1,2,2013,4,14.72,-18.300337912925,'2023-03-28 18:17:58','2023-05-16 16:01:36'),(159,1,3,2013,4,27.118789280753,-57.333395629074,'2023-03-28 18:17:58','2023-05-16 16:01:37'),(160,1,4,2013,4,103.08,28.890811384318,'2023-03-28 18:17:58','2023-05-16 16:01:38'),(161,1,1,2013,5,2.92,-8.0597750582929,'2023-03-28 18:17:58','2023-05-16 16:01:35'),(162,1,2,2013,5,14.28,-19.671714326157,'2023-03-28 18:17:58','2023-05-16 16:01:36'),(163,1,3,2013,5,27.4490460901955,-55.706273620808,'2023-03-28 18:17:58','2023-05-16 16:01:37'),(164,1,4,2013,5,102.08,27.697124044325,'2023-03-28 18:17:58','2023-05-16 16:01:38'),(165,1,1,2013,6,2.64,-15.083879108321,'2023-03-28 18:17:58','2023-05-16 16:01:35'),(166,1,2,2013,6,14.3,-19.609379034647,'2023-03-28 18:17:58','2023-05-16 16:01:36'),(167,1,3,2013,6,27.8495797975786,-53.732908676614,'2023-03-28 18:17:58','2023-05-16 16:01:37'),(168,1,4,2013,6,104.43,30.502289293309,'2023-03-28 18:17:58','2023-05-16 16:01:38'),(169,1,1,2013,7,2.75,-12.324409660095,'2023-03-28 18:17:58','2023-05-16 16:01:35'),(170,1,2,2013,7,15.28,-16.554949750629,'2023-03-28 18:17:58','2023-05-16 16:01:36'),(171,1,3,2013,7,28.2418073656339,-51.800466740569,'2023-03-28 18:17:58','2023-05-16 16:01:37'),(172,1,4,2013,7,104.83,30.979764229306,'2023-03-28 18:17:58','2023-05-16 16:01:38'),(173,1,1,2013,8,3.01,-5.8020273279268,'2023-03-28 18:17:58','2023-05-16 16:01:35'),(174,1,2,2013,8,14.71,-18.33150555868,'2023-03-28 18:17:58','2023-05-16 16:01:36'),(175,1,3,2013,8,28.1785523986318,-52.112113755857,'2023-03-28 18:17:58','2023-05-16 16:01:37'),(176,1,4,2013,8,102.53,28.234283347322,'2023-03-28 18:17:58','2023-05-16 16:01:38'),(177,1,1,2013,9,2.8,-11.070105365448,'2023-03-28 18:17:58','2023-05-16 16:01:35'),(178,1,2,2013,9,14.19,-19.952223137955,'2023-03-28 18:17:58','2023-05-16 16:01:36'),(179,1,3,2013,9,28.2421610647417,-51.79872412214,'2023-03-28 18:17:58','2023-05-16 16:01:37'),(180,1,4,2013,9,103.27,29.117611978917,'2023-03-28 18:17:58','2023-05-16 16:01:38'),(181,1,1,2013,10,2.96,-7.0563316225747,'2023-03-28 18:17:58','2023-05-16 16:01:35'),(182,1,2,2013,10,14.19,-19.952223137955,'2023-03-28 18:17:58','2023-05-16 16:01:36'),(183,1,3,2013,10,28.7727850784231,-49.184425230824,'2023-03-28 18:17:58','2023-05-16 16:01:37'),(184,1,4,2013,10,103.03,28.831127017319,'2023-03-28 18:17:58','2023-05-16 16:01:38'),(185,1,1,2013,11,3.08,-4.0460013154199,'2023-03-28 18:17:58','2023-05-16 16:01:35'),(186,1,2,2013,11,12.23,-26.06108170599,'2023-03-28 18:17:58','2023-05-16 16:01:36'),(187,1,3,2013,11,29.0648675551623,-47.74538199979,'2023-03-28 18:17:58','2023-05-16 16:01:37'),(188,1,4,2013,11,102.58,28.293967714322,'2023-03-28 18:17:58','2023-05-16 16:01:38'),(189,1,1,2013,12,2.62,-15.58560082618,'2023-03-28 18:17:58','2023-05-16 16:01:35'),(190,1,2,2013,12,14.42,-19.235367285583,'2023-03-28 18:17:58','2023-05-16 16:01:36'),(191,1,3,2013,12,29.0565935259613,-47.786146806525,'2023-03-28 18:17:58','2023-05-16 16:01:37'),(192,1,4,2013,12,100.32,25.596234325937,'2023-03-28 18:17:58','2023-05-16 16:01:38'),(193,1,1,2014,1,3.01,-5.8020273279268,'2023-03-28 18:17:58','2023-05-16 16:01:35'),(194,1,2,2014,1,16.7615868318345,-11.937192397598,'2023-03-28 18:17:58','2023-05-16 16:01:36'),(195,1,3,2014,1,28.6703760802083,-49.68897783981,'2023-03-28 18:17:58','2023-05-16 16:01:37'),(196,1,4,2014,1,100.067219682639,25.294493661304,'2023-03-28 18:17:58','2023-05-16 16:01:38'),(197,1,1,2014,2,3.53,7.2427373364105,'2023-03-28 18:17:58','2023-05-16 16:01:35'),(198,1,2,2014,2,16.7110505834682,-12.094701986287,'2023-03-28 18:17:58','2023-05-16 16:01:36'),(199,1,3,2014,2,28.9120918893524,-48.498083052605,'2023-03-28 18:17:58','2023-05-16 16:01:37'),(200,1,4,2014,2,102.031166535324,27.638832155773,'2023-03-28 18:17:58','2023-05-16 16:01:38'),(201,1,1,2014,3,3.22,-0.53394929040599,'2023-03-28 18:17:58','2023-05-16 16:01:35'),(202,1,2,2014,3,16.2,-13.687526341143,'2023-03-28 18:17:58','2023-05-16 16:01:36'),(203,1,3,2014,3,29.2385416161164,-46.889717926367,'2023-03-28 18:17:58','2023-05-16 16:01:37'),(204,1,4,2014,3,102.221044826085,27.865487467594,'2023-03-28 18:17:58','2023-05-16 16:01:38'),(205,1,1,2014,4,3.49,6.2392939006922,'2023-03-28 18:17:58','2023-05-16 16:01:35'),(206,1,2,2014,4,16.682070321199,-12.185026641117,'2023-03-28 18:17:58','2023-05-16 16:01:36'),(207,1,3,2014,4,30.1421609966665,-42.43773105085,'2023-03-28 18:17:58','2023-05-16 16:01:37'),(208,1,4,2014,4,95.5029988682587,19.846241058245,'2023-03-28 18:17:58','2023-05-16 16:01:38'),(209,1,1,2014,5,4.02,19.534919423959,'2023-03-28 18:17:58','2023-05-16 16:01:35'),(210,1,2,2014,5,16.85,-11.66162936705,'2023-03-28 18:17:58','2023-05-16 16:01:36'),(211,1,3,2014,5,30.5358442694519,-40.498117092499,'2023-03-28 18:17:58','2023-05-16 16:01:37'),(212,1,4,2014,5,99.4271655159045,24.530469105563,'2023-03-28 18:17:58','2023-05-16 16:01:38'),(213,1,1,2014,6,3.9,16.524589116804,'2023-03-28 18:17:58','2023-05-16 16:01:35'),(214,1,2,2014,6,16.21,-13.656358695388,'2023-03-28 18:17:58','2023-05-16 16:01:36'),(215,1,3,2014,6,31.0453969437109,-37.987633290343,'2023-03-28 18:17:58','2023-05-16 16:01:37'),(216,1,4,2014,6,100.80484420244,26.174986712259,'2023-03-28 18:17:58','2023-05-16 16:01:38'),(217,1,1,2014,7,4.3,26.559023473987,'2023-03-28 18:17:58','2023-05-16 16:01:35'),(218,1,2,2014,7,15.62,-15.49524979495,'2023-03-28 18:17:59','2023-05-16 16:01:36'),(219,1,3,2014,7,31.5842759030192,-35.332663613981,'2023-03-28 18:17:59','2023-05-16 16:01:37'),(220,1,4,2014,7,99.8868352802736,25.079171083868,'2023-03-28 18:17:59','2023-05-16 16:01:38'),(221,1,1,2014,8,4.58,33.583127524015,'2023-03-28 18:17:59','2023-05-16 16:01:35'),(222,1,2,2014,8,14.73,-18.26917026717,'2023-03-28 18:17:59','2023-05-16 16:01:36'),(223,1,3,2014,8,31.7707942810946,-34.413717662724,'2023-03-28 18:17:59','2023-05-16 16:01:37'),(224,1,4,2014,8,98.9915604236474,24.010492821699,'2023-03-28 18:17:59','2023-05-16 16:01:38'),(225,1,1,2014,9,4.67,35.840875254381,'2023-03-28 18:17:59','2023-05-16 16:01:35'),(226,1,2,2014,9,14.54,-18.86135553652,'2023-03-28 18:17:59','2023-05-16 16:01:36'),(227,1,3,2014,9,32.0336059434814,-33.118887010722,'2023-03-28 18:17:59','2023-05-16 16:01:37'),(228,1,4,2014,9,99.7067985191416,24.864263481372,'2023-03-28 18:17:59','2023-05-16 16:01:38'),(229,1,1,2014,10,4.75,37.847762125817,'2023-03-28 18:17:59','2023-05-16 16:01:35'),(230,1,2,2014,10,15.25,-16.648452687895,'2023-03-28 18:17:59','2023-05-16 16:01:36'),(231,1,3,2014,10,32.0615227538737,-32.981345390713,'2023-03-28 18:17:59','2023-05-16 16:01:37'),(232,1,4,2014,10,98.9915604235509,24.010492821584,'2023-03-28 18:17:59','2023-05-16 16:01:38'),(233,1,1,2014,11,4.86,40.607231574042,'2023-03-28 18:17:59','2023-05-16 16:01:35'),(234,1,2,2014,11,15.66,-15.370579211928,'2023-03-28 18:17:59','2023-05-16 16:01:36'),(235,1,3,2014,11,32.4197442925952,-31.216445673816,'2023-03-28 18:17:59','2023-05-16 16:01:37'),(236,1,4,2014,11,94.6247528307566,18.79788988188,'2023-03-28 18:17:59','2023-05-16 16:01:38'),(237,1,1,2014,12,4.33,27.311606050776,'2023-03-28 18:17:59','2023-05-16 16:01:35'),(238,1,2,2014,12,16.0981270275242,-14.00504041296,'2023-03-28 18:17:59','2023-05-16 16:01:36'),(239,1,3,2014,12,31.9777494724746,-33.394082830099,'2023-03-28 18:17:59','2023-05-16 16:01:37'),(240,1,4,2014,12,91.4950586296005,15.06201353591,'2023-03-28 18:17:59','2023-05-16 16:01:38'),(241,1,1,2015,1,5.56,58.167491699112,'2023-03-28 18:17:59','2023-05-16 16:01:35'),(242,1,2,2015,1,14.16,-20.045726075221,'2023-03-28 18:17:59','2023-05-16 16:01:36'),(243,1,3,2015,1,33.1656974884764,-27.541254648374,'2023-03-28 18:17:59','2023-05-16 16:01:37'),(244,1,4,2015,1,88.8523216419908,11.907411850869,'2023-03-28 18:17:59','2023-05-16 16:01:38'),(245,1,1,2015,2,5.83,64.94073489021,'2023-03-28 18:17:59','2023-05-16 16:01:35'),(246,1,2,2015,2,14.38,-19.360037868604,'2023-03-28 18:17:59','2023-05-16 16:01:36'),(247,1,3,2015,2,33.2519990657392,-27.116060703245,'2023-03-28 18:17:59','2023-05-16 16:01:37'),(248,1,4,2015,2,89.3712602952407,12.526862351486,'2023-03-28 18:17:59','2023-05-16 16:01:38'),(249,1,1,2015,3,5.49,56.411465686605,'2023-03-28 18:17:59','2023-05-16 16:01:35'),(250,1,2,2015,3,14.43,-19.204199639828,'2023-03-28 18:17:59','2023-05-16 16:01:36'),(251,1,3,2015,3,33.2534836899996,-27.108746199081,'2023-03-28 18:17:59','2023-05-16 16:01:37'),(252,1,4,2015,3,89.1549069928608,12.26860415347,'2023-03-28 18:17:59','2023-05-16 16:01:38'),(253,1,1,2015,4,5.21,49.387361636577,'2023-03-28 18:17:59','2023-05-16 16:01:35'),(254,1,2,2015,4,14.5,-18.986026119541,'2023-03-28 18:17:59','2023-05-16 16:01:36'),(255,1,3,2015,4,33.722542766915,-24.797767816791,'2023-03-28 18:17:59','2023-05-16 16:01:37'),(256,1,4,2015,4,89.5654238168503,12.75863288912,'2023-03-28 18:17:59','2023-05-16 16:01:38'),(257,1,1,2015,5,5.44,55.157161391957,'2023-03-28 18:17:59','2023-05-16 16:01:35'),(258,1,2,2015,5,14.37,-19.39120551436,'2023-03-28 18:17:59','2023-05-16 16:01:36'),(259,1,3,2015,5,33.8900245115222,-23.972612286786,'2023-03-28 18:17:59','2023-05-16 16:01:37'),(260,1,4,2015,5,90.0507439800465,13.337953423771,'2023-03-28 18:17:59','2023-05-16 16:01:38'),(261,1,1,2015,6,5.09,46.377031329422,'2023-03-28 18:17:59','2023-05-16 16:01:35'),(262,1,2,2015,6,14.09,-20.263899595508,'2023-03-28 18:17:59','2023-05-16 16:01:36'),(263,1,3,2015,6,34.6833394399022,-20.064077647844,'2023-03-28 18:17:59','2023-05-16 16:01:37'),(264,1,4,2015,6,92.5639690066971,16.337958320638,'2023-03-28 18:17:59','2023-05-16 16:01:38'),(265,1,1,2015,7,5.31,51.895970225873,'2023-03-28 18:17:59','2023-05-16 16:01:35'),(266,1,2,2015,7,14.4692140200875,-19.081978771155,'2023-03-28 18:17:59','2023-05-16 16:01:36'),(267,1,3,2015,7,34.6626567254714,-20.165978044381,'2023-03-28 18:17:59','2023-05-16 16:01:37'),(268,1,4,2015,7,90.1318227466317,13.434736120986,'2023-03-28 18:17:59','2023-05-16 16:01:38'),(269,1,1,2015,8,5.31,51.895970225873,'2023-03-28 18:17:59','2023-05-16 16:01:35'),(270,1,2,2015,8,15.0509296075731,-17.268908235048,'2023-03-28 18:17:59','2023-05-16 16:01:36'),(271,1,3,2015,8,34.888402536382,-19.053764861475,'2023-03-28 18:17:59','2023-05-16 16:01:37'),(272,1,4,2015,8,90.7186255018837,14.135195141003,'2023-03-28 18:17:59','2023-05-16 16:01:38'),(273,1,1,2015,9,5.14,47.63133562407,'2023-03-28 18:17:59','2023-05-16 16:01:35'),(274,1,2,2015,9,15.1484088766563,-16.965088302321,'2023-03-28 18:17:59','2023-05-16 16:01:36'),(275,1,3,2015,9,35.2725861994616,-17.160953947241,'2023-03-28 18:17:59','2023-05-16 16:01:37'),(276,1,4,2015,9,90.821532524668,14.258033951297,'2023-03-28 18:17:59','2023-05-16 16:01:38'),(277,1,1,2015,10,5.16,48.133057341929,'2023-03-28 18:17:59','2023-05-16 16:01:35'),(278,1,2,2015,10,14.9571241524837,-17.561277754462,'2023-03-28 18:17:59','2023-05-16 16:01:36'),(279,1,3,2015,10,35.2272269441053,-17.38443167899,'2023-03-28 18:17:59','2023-05-16 16:01:37'),(280,1,4,2015,10,90.6739306886959,14.081843508338,'2023-03-28 18:17:59','2023-05-16 16:01:38'),(281,1,1,2015,11,5.13,47.380474765141,'2023-03-28 18:17:59','2023-05-16 16:01:35'),(282,1,2,2015,11,15.3107862628972,-16.458996217018,'2023-03-28 18:17:59','2023-05-16 16:01:36'),(283,1,3,2015,11,35.3277862519396,-16.888992196033,'2023-03-28 18:17:59','2023-05-16 16:01:37'),(284,1,4,2015,11,90.258332699562,13.585749450182,'2023-03-28 18:17:59','2023-05-16 16:01:38'),(285,1,1,2015,12,4.84,40.105509856183,'2023-03-28 18:17:59','2023-05-16 16:01:35'),(286,1,2,2015,12,15.0161646619436,-17.377262386056,'2023-03-28 18:17:59','2023-05-16 16:01:36'),(287,1,3,2015,12,35.8098821833772,-14.513783335203,'2023-03-28 18:17:59','2023-05-16 16:01:37'),(288,1,4,2015,12,88.0345194052231,10.931211674221,'2023-03-28 18:17:59','2023-05-16 16:01:38'),(289,1,1,2016,1,5.4559809865925,55.558061794271,'2023-03-28 18:18:00','2023-05-16 16:01:35'),(290,1,2,2016,1,15.1123949670217,-17.077335180096,'2023-03-28 18:18:00','2023-05-16 16:01:36'),(291,1,3,2016,1,35.2952754044784,-17.049167895365,'2023-03-28 18:18:00','2023-05-16 16:01:37'),(292,1,4,2016,1,87.8604944608669,10.7234803013,'2023-03-28 18:18:00','2023-05-16 16:01:38'),(293,1,1,2016,2,5.59058386737243,58.934721222955,'2023-03-28 18:18:00','2023-05-16 16:01:35'),(294,1,2,2016,2,15.4359605143531,-16.068857544312,'2023-03-28 18:18:00','2023-05-16 16:01:36'),(295,1,3,2016,2,35.7400803652126,-14.857685629736,'2023-03-28 18:18:00','2023-05-16 16:01:37'),(296,1,4,2016,2,87.2973905151433,10.05131025019,'2023-03-28 18:18:00','2023-05-16 16:01:38'),(297,1,1,2016,3,5.34703840355229,52.825118798724,'2023-03-28 18:18:00','2023-05-16 16:01:35'),(298,1,2,2016,3,14.9016813010631,-17.734080069736,'2023-03-28 18:18:00','2023-05-16 16:01:36'),(299,1,3,2016,3,36.3215456525128,-11.992899987298,'2023-03-28 18:18:00','2023-05-16 16:01:37'),(300,1,4,2016,3,87.5205271579117,10.317665635751,'2023-03-28 18:18:00','2023-05-16 16:01:38'),(301,1,1,2016,4,5.4839889959106,56.260673121715,'2023-03-28 18:18:00','2023-05-16 16:01:35'),(302,1,2,2016,4,15.4316771915739,-16.082207653016,'2023-03-28 18:18:00','2023-05-16 16:01:36'),(303,1,3,2016,4,36.3702123149507,-11.753127194557,'2023-03-28 18:18:00','2023-05-16 16:01:37'),(304,1,4,2016,4,88.1110870435092,11.022609494697,'2023-03-28 18:18:00','2023-05-16 16:01:38'),(305,1,1,2016,5,6.16824093259523,73.425875977808,'2023-03-28 18:18:00','2023-05-16 16:01:35'),(306,1,2,2016,5,14.7802082537565,-18.112682960462,'2023-03-28 18:18:00','2023-05-16 16:01:36'),(307,1,3,2016,5,36.4682547763547,-11.270087807832,'2023-03-28 18:18:00','2023-05-16 16:01:37'),(308,1,4,2016,5,89.3136702357794,12.458117826598,'2023-03-28 18:18:00','2023-05-16 16:01:38'),(309,1,1,2016,6,5.68489161306458,61.30053343176,'2023-03-28 18:18:00','2023-05-16 16:01:35'),(310,1,2,2016,6,14.723628176174,-18.289029741952,'2023-03-28 18:18:00','2023-05-16 16:01:36'),(311,1,3,2016,6,36.3454045708312,-11.875350946735,'2023-03-28 18:18:00','2023-05-16 16:01:37'),(312,1,4,2016,6,89.3208751336384,12.466718221958,'2023-03-28 18:18:00','2023-05-16 16:01:38'),(313,1,1,2016,7,5.32210371716723,52.199605114354,'2023-03-28 18:18:00','2023-05-16 16:01:35'),(314,1,2,2016,7,14.8626140161457,-17.855843599428,'2023-03-28 18:18:00','2023-05-16 16:01:36'),(315,1,3,2016,7,35.9786572737775,-13.682255699177,'2023-03-28 18:18:00','2023-05-16 16:01:37'),(316,1,4,2016,7,87.5843867811964,10.393894059603,'2023-03-28 18:18:00','2023-05-16 16:01:38'),(317,1,1,2016,8,5.5500793542837,57.918621528559,'2023-03-28 18:18:00','2023-05-16 16:01:35'),(318,1,2,2016,8,14.8685917520187,-17.837212404017,'2023-03-28 18:18:00','2023-05-16 16:01:36'),(319,1,3,2016,8,36.2032275590014,-12.575834141641,'2023-03-28 18:18:00','2023-05-16 16:01:37'),(320,1,4,2016,8,87.5310888881619,10.330273039439,'2023-03-28 18:18:00','2023-05-16 16:01:38'),(321,1,1,2016,9,4.67120249256758,35.871041086217,'2023-03-28 18:18:00','2023-05-16 16:01:35'),(322,1,2,2016,9,15.43,-16.0874350643,'2023-03-28 18:18:00','2023-05-16 16:01:36'),(323,1,3,2016,9,34.173725937575,-22.574861140077,'2023-03-28 18:18:00','2023-05-16 16:01:37'),(324,1,4,2016,9,86.4320707935153,9.0183890534361,'2023-03-28 18:18:00','2023-05-16 16:01:38'),(325,1,1,2016,10,4.79797806892797,39.051344083922,'2023-03-28 18:18:00','2023-05-16 16:01:35'),(326,1,2,2016,10,15.27,-16.586117396384,'2023-03-28 18:18:00','2023-05-16 16:01:36'),(327,1,3,2016,10,34.3057119084402,-21.924587559528,'2023-03-28 18:18:00','2023-05-16 16:01:37'),(328,1,4,2016,10,86.8832026802413,9.5568994752882,'2023-03-28 18:18:00','2023-05-16 16:01:38'),(329,1,1,2016,11,4.67943753941654,36.077626178802,'2023-03-28 18:18:00','2023-05-16 16:01:35'),(330,1,2,2016,11,15.7840186705157,-14.984042212961,'2023-03-28 18:18:00','2023-05-16 16:01:36'),(331,1,3,2016,11,34.1545309771598,-22.66943161265,'2023-03-28 18:18:00','2023-05-16 16:01:37'),(332,1,4,2016,11,86.2702718862087,8.8252517461595,'2023-03-28 18:18:00','2023-05-16 16:01:38'),(333,1,1,2016,12,4.41894078018844,29.542782101969,'2023-03-28 18:18:00','2023-05-16 16:01:35'),(334,1,2,2016,12,15.95,-14.466717485025,'2023-03-28 18:18:00','2023-05-16 16:01:36'),(335,1,3,2016,12,34.6147586826807,-20.401963972147,'2023-03-28 18:18:00','2023-05-16 16:01:37'),(336,1,4,2016,12,85.9865955473833,8.4866308918481,'2023-03-28 18:18:00','2023-05-16 16:01:38'),(337,1,1,2017,1,4.71877271184483,37.064391692953,'2023-03-28 18:18:00','2023-05-16 16:01:35'),(338,1,2,2017,1,16.9915465646757,-11.220462048481,'2023-03-28 18:18:00','2023-05-16 16:01:36'),(339,1,3,2017,1,33.9668273364501,-23.594217161647,'2023-03-28 18:18:00','2023-05-16 16:01:37'),(340,1,4,2017,1,84.7413692686667,7.0002200475174,'2023-03-28 18:18:00','2023-05-16 16:01:38'),(341,1,1,2017,2,4.78220451284514,38.655647301191,'2023-03-28 18:18:00','2023-05-16 16:01:35'),(342,1,2,2017,2,17.0364678899628,-11.080452853141,'2023-03-28 18:18:00','2023-05-16 16:01:36'),(343,1,3,2017,2,33.7301115982814,-24.760477405992,'2023-03-28 18:18:00','2023-05-16 16:01:37'),(344,1,4,2017,2,83.7814113184558,5.8543303954249,'2023-03-28 18:18:00','2023-05-16 16:01:38'),(345,1,1,2017,3,4.61450132124444,34.448630632173,'2023-03-28 18:18:00','2023-05-16 16:01:35'),(346,1,2,2017,3,16.9804244917257,-11.255126931458,'2023-03-28 18:18:00','2023-05-16 16:01:36'),(347,1,3,2017,3,34.1243017570224,-22.818366102332,'2023-03-28 18:18:00','2023-05-16 16:01:37'),(348,1,4,2017,3,83.5277716088623,5.5515638851636,'2023-03-28 18:18:00','2023-05-16 16:01:38'),(349,1,1,2017,4,4.82271018974553,39.671776191067,'2023-03-28 18:18:00','2023-05-16 16:01:35'),(350,1,2,2017,4,16.9102272431911,-11.47391522899,'2023-03-28 18:18:00','2023-05-16 16:01:36'),(351,1,3,2017,4,34.0485664403415,-23.191501786597,'2023-03-28 18:18:00','2023-05-16 16:01:37'),(352,1,4,2017,4,81.3559987897564,2.9591461656558,'2023-03-28 18:18:00','2023-05-16 16:01:38'),(353,1,1,2017,5,4.75203722418428,37.898868106687,'2023-03-28 18:18:00','2023-05-16 16:01:35'),(354,1,2,2017,5,16.877837957602,-11.574865006941,'2023-03-28 18:18:00','2023-05-16 16:01:36'),(355,1,3,2017,5,34.3482733688828,-21.714894111853,'2023-03-28 18:18:00','2023-05-16 16:01:37'),(356,1,4,2017,5,81.9594756744898,3.6795088829405,'2023-03-28 18:18:00','2023-05-16 16:01:38'),(357,1,1,2017,6,4.46910965666275,30.801322846357,'2023-03-28 18:18:00','2023-05-16 16:01:35'),(358,1,2,2017,6,16.4182839106166,-13.007186781126,'2023-03-28 18:18:00','2023-05-16 16:01:36'),(359,1,3,2017,6,35.1429326754388,-17.799735938573,'2023-03-28 18:18:01','2023-05-16 16:01:37'),(360,1,4,2017,6,82.6888177907375,4.5501153336292,'2023-03-28 18:18:01','2023-05-16 16:01:38'),(361,1,1,2017,7,4.50303428848294,31.652359074085,'2023-03-28 18:18:01','2023-05-16 16:01:35'),(362,1,2,2017,7,17.0098189976084,-11.163511176808,'2023-03-28 18:18:01','2023-05-16 16:01:36'),(363,1,3,2017,7,35.691575677708,-15.096660398117,'2023-03-28 18:18:01','2023-05-16 16:01:37'),(364,1,4,2017,7,80.5082134070692,1.9471554873109,'2023-03-28 18:18:01','2023-05-16 16:01:38'),(365,1,1,2017,8,4.48713228991632,31.253440172173,'2023-03-28 18:18:01','2023-05-16 16:01:35'),(366,1,2,2017,8,16.4243279484468,-12.988348938123,'2023-03-28 18:18:01','2023-05-16 16:01:36'),(367,1,3,2017,8,35.3080825614196,-16.986069099741,'2023-03-28 18:18:01','2023-05-16 16:01:37'),(368,1,4,2017,8,81.7754638291339,3.4598562727304,'2023-03-28 18:18:01','2023-05-16 16:01:38'),(369,1,1,2017,9,4.41139060602635,29.353377784432,'2023-03-28 18:18:01','2023-05-16 16:01:35'),(370,1,2,2017,9,16.1634095238341,-13.801570241059,'2023-03-28 18:18:01','2023-05-16 16:01:36'),(371,1,3,2017,9,35.2809902833637,-17.11954838198,'2023-03-28 18:18:01','2023-05-16 16:01:37'),(372,1,4,2017,9,80.1176290614453,1.4809198987401,'2023-03-28 18:18:01','2023-05-16 16:01:38'),(373,1,1,2017,10,4.91067642439009,41.87850470904,'2023-03-28 18:18:01','2023-05-16 16:01:35'),(374,1,2,2017,10,16.1400766835274,-13.874293211173,'2023-03-28 18:18:01','2023-05-16 16:01:36'),(375,1,3,2017,10,34.5925750388311,-20.511259205733,'2023-03-28 18:18:01','2023-05-16 16:01:37'),(376,1,4,2017,10,80.937861448973,2.4600209155842,'2023-03-28 18:18:01','2023-05-16 16:01:38'),(377,1,1,2017,11,5.26654388292377,50.805826340324,'2023-03-28 18:18:01','2023-05-16 16:01:35'),(378,1,2,2017,11,16.46,-12.877167551506,'2023-03-28 18:18:01','2023-05-16 16:01:36'),(379,1,3,2017,11,34.3731748063186,-21.592208747825,'2023-03-28 18:18:01','2023-05-16 16:01:37'),(380,1,4,2017,11,80.0690460708942,1.4229269979803,'2023-03-28 18:18:01','2023-05-16 16:01:38'),(381,1,1,2017,12,4.76542893229544,38.234813646617,'2023-03-28 18:18:01','2023-05-16 16:01:35'),(382,1,2,2017,12,17.9095425444476,-8.3592846982509,'2023-03-28 18:18:01','2023-05-16 16:01:36'),(383,1,3,2017,12,35.2245363667162,-17.397687719621,'2023-03-28 18:18:01','2023-05-16 16:01:37'),(384,1,4,2017,12,79.649955609458,0.92266401985202,'2023-03-28 18:18:01','2023-05-16 16:01:38'),(385,1,1,2018,1,5.21139525852279,49.422363211723,'2023-03-28 18:18:01','2023-05-16 16:01:35'),(386,1,2,2018,1,18.0500626770299,-7.9213165268699,'2023-03-28 18:18:01','2023-05-16 16:01:36'),(387,1,3,2018,1,34.4897475475303,-21.017873662624,'2023-03-28 18:18:01','2023-05-16 16:01:37'),(388,1,4,2018,1,77.9329192925216,-1.1269404939833,'2023-03-28 18:18:01','2023-05-16 16:01:38'),(389,1,1,2018,2,5.21014018194737,49.39087825295,'2023-03-28 18:18:01','2023-05-16 16:01:35'),(390,1,2,2018,2,18.6215971358175,-6.1399781720271,'2023-03-28 18:18:01','2023-05-16 16:01:36'),(391,1,3,2018,2,34.6332918254935,-20.310654168107,'2023-03-28 18:18:01','2023-05-16 16:01:37'),(392,1,4,2018,2,78.3455312201999,-0.6344108595836,'2023-03-28 18:18:01','2023-05-16 16:01:38'),(393,1,1,2018,3,4.56341513918431,33.16707828107,'2023-03-28 18:18:01','2023-05-16 16:01:35'),(394,1,2,2018,3,18.4703255932538,-6.6114559571751,'2023-03-28 18:18:01','2023-05-16 16:01:36'),(395,1,3,2018,3,34.8297787140873,-19.342594974093,'2023-03-28 18:18:01','2023-05-16 16:01:37'),(396,1,4,2018,3,77.634013341256,-1.4837407438577,'2023-03-28 18:18:01','2023-05-16 16:01:38'),(397,1,1,2018,4,4.83811598650833,40.058247331908,'2023-03-28 18:18:01','2023-05-16 16:01:35'),(398,1,2,2018,4,17.9316426530186,-8.2904038627415,'2023-03-28 18:18:01','2023-05-16 16:01:36'),(399,1,3,2018,4,34.8167196629685,-19.406934811683,'2023-03-28 18:18:01','2023-05-16 16:01:37'),(400,1,4,2018,4,78.047010962133,-0.99075071236953,'2023-03-28 18:18:01','2023-05-16 16:01:38'),(401,1,1,2018,5,4.85773801943552,40.550487335314,'2023-03-28 18:18:01','2023-05-16 16:01:35'),(402,1,2,2018,5,19.0376705456351,-4.8431753074884,'2023-03-28 18:18:01','2023-05-16 16:01:36'),(403,1,3,2018,5,35.1761226972541,-17.636214056794,'2023-03-28 18:18:01','2023-05-16 16:01:37'),(404,1,4,2018,5,79.650178576805,0.92293017315137,'2023-03-28 18:18:01','2023-05-16 16:01:38'),(405,1,1,2018,6,3.83296160118383,14.842858085976,'2023-03-28 18:18:01','2023-05-16 16:01:35'),(406,1,2,2018,6,20.5931604574602,0.0049205472793684,'2023-03-28 18:18:01','2023-05-16 16:01:36'),(407,1,3,2018,6,35.179306304093,-17.620528939621,'2023-03-28 18:18:01','2023-05-16 16:01:37'),(408,1,4,2018,6,78.6802190250815,-0.23489826404636,'2023-03-28 18:18:01','2023-05-16 16:01:38'),(409,1,1,2018,7,3.91622225209472,16.93154192623,'2023-03-28 18:18:01','2023-05-16 16:01:35'),(410,1,2,2018,7,20.4111808960121,-0.5622669033122,'2023-03-28 18:18:01','2023-05-16 16:01:36'),(411,1,3,2018,7,35.2853003064375,-17.098313593781,'2023-03-28 18:18:01','2023-05-16 16:01:37'),(412,1,4,2018,7,79.4481774655506,0.68180400398245,'2023-03-28 18:18:01','2023-05-16 16:01:38'),(413,1,1,2018,8,3.95153574823893,17.817419323684,'2023-03-28 18:18:01','2023-05-16 16:01:35'),(414,1,2,2018,8,20.4635457980377,-0.39905783167782,'2023-03-28 18:18:01','2023-05-16 16:01:36'),(415,1,3,2018,8,36.013264031964,-13.511753785908,'2023-03-28 18:18:01','2023-05-16 16:01:37'),(416,1,4,2018,8,80.4525553017773,1.8807171116559,'2023-03-28 18:18:01','2023-05-16 16:01:38'),(417,1,1,2018,9,3.82410792514607,14.620754008424,'2023-03-28 18:18:01','2023-05-16 16:01:35'),(418,1,2,2018,9,21.2501040022638,2.0524589158451,'2023-03-28 18:18:01','2023-05-16 16:01:36'),(419,1,3,2018,9,35.3272028093758,-16.891866723398,'2023-03-28 18:18:01','2023-05-16 16:01:37'),(420,1,4,2018,9,78.9458467394222,0.082178175713432,'2023-03-28 18:18:01','2023-05-16 16:01:38'),(421,1,1,2018,10,3.95096049398373,17.802988446028,'2023-03-28 18:18:01','2023-05-16 16:01:35'),(422,1,2,2018,10,21.2194716334937,1.9569850339979,'2023-03-28 18:18:01','2023-05-16 16:01:36'),(423,1,3,2018,10,35.4590219964021,-16.242414859909,'2023-03-28 18:18:01','2023-05-16 16:01:37'),(424,1,4,2018,10,79.1708387753874,0.35074832064436,'2023-03-28 18:18:01','2023-05-16 16:01:38'),(425,1,1,2018,11,3.92853812259887,17.240498911543,'2023-03-28 18:18:01','2023-05-16 16:01:35'),(426,1,2,2018,11,21.3928053525276,2.4972254292273,'2023-03-28 18:18:01','2023-05-16 16:01:36'),(427,1,3,2018,11,35.6237597821775,-15.430778372291,'2023-03-28 18:18:01','2023-05-16 16:01:37'),(428,1,4,2018,11,79.6867135017588,0.96654145053631,'2023-03-28 18:18:02','2023-05-16 16:01:38'),(429,1,1,2018,12,3.2611210650225,0.49761727875828,'2023-03-28 18:18:02','2023-05-16 16:01:35'),(430,1,2,2018,12,20.3905135060802,-0.62668229212058,'2023-03-28 18:18:02','2023-05-16 16:01:36'),(431,1,3,2018,12,36.5552824305986,-10.841316598581,'2023-03-28 18:18:02','2023-05-16 16:01:37'),(432,1,4,2018,12,78.530029028262,-0.41417816184339,'2023-03-28 18:18:02','2023-05-16 16:01:38'),(433,1,1,2019,1,3.39427221784726,3.8378585352664,'2023-03-28 18:18:02','2023-05-16 16:01:35'),(434,1,2,2019,1,20.2542842387117,-1.0512768468049,'2023-03-28 18:18:02','2023-05-16 16:01:36'),(435,1,3,2019,1,36.1521063389314,-12.827700143755,'2023-03-28 18:18:02','2023-05-16 16:01:37'),(436,1,4,2019,1,77.9188817688922,-1.1436969082246,'2023-03-28 18:18:02','2023-05-16 16:01:38'),(437,1,1,2019,2,3.43617809722325,4.8891130247123,'2023-03-28 18:18:02','2023-05-16 16:01:35'),(438,1,2,2019,2,20.3012658736086,-0.90484615145781,'2023-03-28 18:18:02','2023-05-16 16:01:36'),(439,1,3,2019,2,36.7821291815179,-9.7236792619057,'2023-03-28 18:18:02','2023-05-16 16:01:37'),(440,1,4,2019,2,77.5204035858017,-1.6193552706432,'2023-03-28 18:18:02','2023-05-16 16:01:38'),(441,1,1,2019,3,3.44325615435561,5.06667377389,'2023-03-28 18:18:02','2023-05-16 16:01:35'),(442,1,2,2019,3,19.8527472527496,-2.3027731004158,'2023-03-28 18:18:02','2023-05-16 16:01:36'),(443,1,3,2019,3,37.6171820368292,-5.6095085920095,'2023-03-28 18:18:02','2023-05-16 16:01:37'),(444,1,4,2019,3,78.3835219607205,-0.5890617935872,'2023-03-28 18:18:02','2023-05-16 16:01:38'),(445,1,1,2019,4,3.58249742856877,8.559692338646,'2023-03-28 18:18:02','2023-05-16 16:01:35'),(446,1,2,2019,4,19.6064591223991,-3.0703952204653,'2023-03-28 18:18:02','2023-05-16 16:01:36'),(447,1,3,2019,4,37.6735148520257,-5.3319659016756,'2023-03-28 18:18:02','2023-05-16 16:01:37'),(448,1,4,2019,4,79.5707417899576,0.82810748636188,'2023-03-28 18:18:02','2023-05-16 16:01:38'),(449,1,1,2019,5,3.49399668204227,6.3395550096914,'2023-03-28 18:18:02','2023-05-16 16:01:35'),(450,1,2,2019,5,19.6199848789876,-3.0282386214731,'2023-03-28 18:18:02','2023-05-16 16:01:36'),(451,1,3,2019,5,37.7786459893249,-4.8140017526781,'2023-03-28 18:18:02','2023-05-16 16:01:37'),(452,1,4,2019,5,82.0106944526119,3.7406480899548,'2023-03-28 18:18:02','2023-05-16 16:01:38'),(453,1,1,2019,6,3.35749840076343,2.9153474012896,'2023-03-28 18:18:02','2023-05-16 16:01:35'),(454,1,2,2019,6,19.5557464434204,-3.2284547018363,'2023-03-28 18:18:02','2023-05-16 16:01:36'),(455,1,3,2019,6,38.1373645640162,-3.0466532197619,'2023-03-28 18:18:02','2023-05-16 16:01:37'),(456,1,4,2019,6,79.7397209543731,1.0298157756473,'2023-03-28 18:18:02','2023-05-16 16:01:38'),(457,1,1,2019,7,3.35840167990166,2.9380071393365,'2023-03-28 18:18:02','2023-05-16 16:01:35'),(458,1,2,2019,7,19.7217375470296,-2.7110995102543,'2023-03-28 18:18:02','2023-05-16 16:01:36'),(459,1,3,2019,7,37.9867495377114,-3.7887091503867,'2023-03-28 18:18:02','2023-05-16 16:01:37'),(460,1,4,2019,7,79.8980092180843,1.2187624721088,'2023-03-28 18:18:02','2023-05-16 16:01:38'),(461,1,1,2019,8,3.43963935037406,4.9759423185508,'2023-03-28 18:18:02','2023-05-16 16:01:35'),(462,1,2,2019,8,20.3642607169819,-0.70850605519097,'2023-03-28 18:18:02','2023-05-16 16:01:36'),(463,1,3,2019,8,37.8586475026055,-4.419847206181,'2023-03-28 18:18:02','2023-05-16 16:01:37'),(464,1,4,2019,8,80.8502402536707,2.3554286040368,'2023-03-28 18:18:02','2023-05-16 16:01:38'),(465,1,1,2019,9,3.32025631900307,1.9810893394166,'2023-03-28 18:18:02','2023-05-16 16:01:35'),(466,1,2,2019,9,20.3887686284982,-0.63212066475678,'2023-03-28 18:18:02','2023-05-16 16:01:36'),(467,1,3,2019,9,38.5093413992598,-1.2139833765224,'2023-03-28 18:18:02','2023-05-16 16:01:37'),(468,1,4,2019,9,81.5613504048536,3.2042717888444,'2023-03-28 18:18:02','2023-05-16 16:01:38'),(469,1,1,2019,10,3.49394619982425,6.3382886084341,'2023-03-28 18:18:02','2023-05-16 16:01:35'),(470,1,2,2019,10,20.5365358808108,-0.17156492732576,'2023-03-28 18:18:02','2023-05-16 16:01:36'),(471,1,3,2019,10,38.6240461456933,-0.64885160016483,'2023-03-28 18:18:02','2023-05-16 16:01:37'),(472,1,4,2019,10,79.1043428598174,0.2713729880672,'2023-03-28 18:18:02','2023-05-16 16:01:38'),(473,1,1,2019,11,3.46825273831023,5.6937402260061,'2023-03-28 18:18:02','2023-05-16 16:01:35'),(474,1,2,2019,11,20.4790929519878,-0.35060101299587,'2023-03-28 18:18:02','2023-05-16 16:01:36'),(475,1,3,2019,11,39.3270138131276,2.8145566629749,'2023-03-28 18:18:02','2023-05-16 16:01:37'),(476,1,4,2019,11,80.057569835968,1.4092279616381,'2023-03-28 18:18:02','2023-05-16 16:01:38'),(477,1,1,2019,12,3.2258171023652,-0.38802096082447,'2023-03-28 18:18:02','2023-05-16 16:01:35'),(478,1,2,2019,12,20.591619441365,0.00011756290353224,'2023-03-28 18:18:02','2023-05-16 16:01:36'),(479,1,3,2019,12,39.890211397925,5.5893402829483,'2023-03-28 18:18:02','2023-05-16 16:01:37'),(480,1,4,2019,12,77.9110803102122,-1.1530094106844,'2023-03-28 18:18:02','2023-05-16 16:01:38'),(481,1,1,2020,1,3.459,5.4616252380106,'2023-03-28 18:18:02','2023-05-16 16:01:35'),(482,1,2,2020,1,20.292163790885,-0.93321520045426,'2023-03-28 18:18:02','2023-05-16 16:01:36'),(483,1,3,2020,1,39.3931169545196,3.1402361738863,'2023-03-28 18:18:02','2023-05-16 16:01:37'),(484,1,4,2020,1,77.9038437713588,-1.1616475754991,'2023-03-28 18:18:02','2023-05-16 16:01:38'),(485,1,1,2020,2,3.383,3.5550827101459,'2023-03-28 18:18:02','2023-05-16 16:01:35'),(486,1,2,2020,2,20.4693057735664,-0.38110534399405,'2023-03-28 18:18:02','2023-05-16 16:01:36'),(487,1,3,2020,2,39.1046673650478,1.7190915921986,'2023-03-28 18:18:02','2023-05-16 16:01:37'),(488,1,4,2020,2,77.0156267057474,-2.2219010418852,'2023-03-28 18:18:02','2023-05-16 16:01:38'),(489,1,1,2020,3,3.427,4.658870489436,'2023-03-28 18:18:02','2023-05-16 16:01:35'),(490,1,2,2020,3,20.3576717651131,-0.7290422669655,'2023-03-28 18:18:02','2023-05-16 16:01:36'),(491,1,3,2020,3,39.8173296420122,5.2302636321234,'2023-03-28 18:18:02','2023-05-16 16:01:37'),(492,1,4,2020,3,78.9300458945818,0.063316907266252,'2023-03-28 18:18:02','2023-05-16 16:01:38'),(493,1,1,2020,4,3.414,4.3327513728275,'2023-03-28 18:18:02','2023-05-16 16:01:35'),(494,1,2,2020,4,20.4739496544632,-0.36663146052194,'2023-03-28 18:18:02','2023-05-16 16:01:36'),(495,1,3,2020,4,39.9827029457506,6.0450312141955,'2023-03-28 18:18:02','2023-05-16 16:01:37'),(496,1,4,2020,4,78.6859723687337,-0.22803057056609,'2023-03-28 18:18:02','2023-05-16 16:01:38'),(497,1,1,2020,5,3.348,2.6770697038924,'2023-03-28 18:18:02','2023-05-16 16:01:35'),(498,1,2,2020,5,20.6191831098036,0.08602702826456,'2023-03-28 18:18:02','2023-05-16 16:01:36'),(499,1,3,2020,5,39.956783167014,5.9173286469028,'2023-03-28 18:18:02','2023-05-16 16:01:37'),(500,1,4,2020,5,80.5049032350392,1.9432041768654,'2023-03-28 18:18:02','2023-05-16 16:01:38'),(501,1,1,2020,6,3.336,2.3760366731769,'2023-03-28 18:18:02','2023-05-16 16:01:35'),(502,1,2,2020,6,21.1983637979738,1.8911968799834,'2023-03-28 18:18:02','2023-05-16 16:01:36'),(503,1,3,2020,6,40.0552738455123,6.4025763269252,'2023-03-28 18:18:02','2023-05-16 16:01:37'),(504,1,4,2020,6,79.3728471937651,0.59188321223385,'2023-03-28 18:18:03','2023-05-16 16:01:38'),(505,1,1,2020,7,3.314,1.8241427835319,'2023-03-28 18:18:03','2023-05-16 16:01:35'),(506,1,2,2020,7,20.9289625101599,1.0515364895234,'2023-03-28 18:18:03','2023-05-16 16:01:36'),(507,1,3,2020,7,39.9266723934997,5.7689777246199,'2023-03-28 18:18:03','2023-05-16 16:01:37'),(508,1,4,2020,7,81.0344631610743,2.5753331563412,'2023-03-28 18:18:03','2023-05-16 16:01:39'),(509,1,1,2020,8,3.297,1.3976793233516,'2023-03-28 18:18:03','2023-05-16 16:01:35'),(510,1,2,2020,8,20.3693542793876,-0.69263062032164,'2023-03-28 18:18:03','2023-05-16 16:01:36'),(511,1,3,2020,8,39.6708278108312,4.5084727501483,'2023-03-28 18:18:03','2023-05-16 16:01:37'),(512,1,4,2020,8,79.563054501452,0.81893126739388,'2023-03-28 18:18:03','2023-05-16 16:01:39'),(513,1,1,2020,9,3.276,0.87087151959956,'2023-03-28 18:18:03','2023-05-16 16:01:35'),(514,1,2,2020,9,20.409189056883,-0.56847499694993,'2023-03-28 18:18:03','2023-05-16 16:01:36'),(515,1,3,2020,9,39.407149275498,3.2093711550228,'2023-03-28 18:18:03','2023-05-16 16:01:37'),(516,1,4,2020,9,77.0607298513065,-2.1680619880374,'2023-03-28 18:18:03','2023-05-16 16:01:39'),(517,1,1,2020,10,3.183,-1.4621344684454,'2023-03-28 18:18:03','2023-05-16 16:01:35'),(518,1,2,2020,10,20.4082955498944,-0.57125984787999,'2023-03-28 18:18:03','2023-05-16 16:01:36'),(519,1,3,2020,10,39.1545137009439,1.9646764457096,'2023-03-28 18:18:03','2023-05-16 16:01:37'),(520,1,4,2020,10,77.0526525843003,-2.1777037194045,'2023-03-28 18:18:03','2023-05-16 16:01:39'),(521,1,1,2020,11,3.22,-0.53394929040599,'2023-03-28 18:18:03','2023-05-16 16:01:35'),(522,1,2,2020,11,21.1633523169738,1.7820743362658,'2023-03-28 18:18:03','2023-05-16 16:01:36'),(523,1,3,2020,11,39.11,1.745364624108,'2023-03-28 18:18:03','2023-05-16 16:01:37'),(524,1,4,2020,11,77.6076754194706,-1.5151799876546,'2023-03-28 18:18:03','2023-05-16 16:01:39'),(525,1,1,2020,12,3.19,-1.2865318671947,'2023-03-28 18:18:03','2023-05-16 16:01:35'),(526,1,2,2020,12,20.409189056883,-0.56847499694993,'2023-03-28 18:18:03','2023-05-16 16:01:36'),(527,1,3,2020,12,39.7545137009439,4.9207796267681,'2023-03-28 18:18:03','2023-05-16 16:01:37'),(528,1,4,2020,12,77.0907298513065,-2.1322513678376,'2023-03-28 18:18:03','2023-05-16 16:01:39'),(529,1,1,2021,1,3.19547742943761,-1.1491246018502,'2023-03-28 18:18:03','2023-05-16 16:01:35'),(530,1,2,2021,1,21.8028213361772,3.7751487224667,'2023-03-28 18:18:03','2023-05-16 16:01:36'),(531,1,3,2021,1,38.7889544152316,0.16362483344355,'2023-03-28 18:18:03','2023-05-16 16:01:37'),(532,1,4,2021,1,76.591414724374,-2.728277513524,'2023-03-28 18:18:03','2023-05-16 16:01:39'),(533,1,1,2021,2,3.18427350555363,-1.4301871987419,'2023-03-28 18:18:03','2023-05-16 16:01:35'),(534,1,2,2021,2,24.306431199835,11.578311256458,'2023-03-28 18:18:03','2023-05-16 16:01:36'),(535,1,3,2021,2,38.6660843222035,-0.44173628798531,'2023-03-28 18:18:03','2023-05-16 16:01:37'),(536,1,4,2021,2,76.5123355957848,-2.8226732681786,'2023-03-28 18:18:03','2023-05-16 16:01:39'),(537,1,1,2021,3,3.23271444432784,-0.21499364791659,'2023-03-28 18:18:03','2023-05-16 16:01:35'),(538,1,2,2021,3,24.4515633619666,12.03065403816,'2023-03-28 18:18:03','2023-05-16 16:01:36'),(539,1,3,2021,3,39.2093930233596,2.2350580116552,'2023-03-28 18:18:03','2023-05-16 16:01:37'),(540,1,4,2021,3,77.8065042255125,-1.2778405590565,'2023-03-28 18:18:03','2023-05-16 16:01:39'),(541,1,1,2021,4,3.29146745058554,1.2588893135335,'2023-03-28 18:18:03','2023-05-16 16:01:35'),(542,1,2,2021,4,24.412680417736,11.909465054989,'2023-03-28 18:18:03','2023-05-16 16:01:36'),(543,1,3,2021,4,38.7004319036386,-0.2725112967487,'2023-03-28 18:18:03','2023-05-16 16:01:37'),(544,1,4,2021,4,76.8269180364033,-2.4471601914282,'2023-03-28 18:18:03','2023-05-16 16:01:39'),(545,1,1,2021,5,3.2959964749731,1.3725048083311,'2023-03-28 18:18:03','2023-05-16 16:01:35'),(546,1,2,2021,5,24.4362821825952,11.983026199622,'2023-03-28 18:18:03','2023-05-16 16:01:36'),(547,1,3,2021,5,38.5685598771258,-0.92222349186058,'2023-03-28 18:18:03','2023-05-16 16:01:37'),(548,1,4,2021,5,76.0664579843058,-3.3549117281875,'2023-03-28 18:18:03','2023-05-16 16:01:39'),(549,1,1,2021,6,3.24918491606038,0.19818602066342,'2023-03-28 18:18:03','2023-05-16 16:01:35'),(550,1,2,2021,6,24.2558766180326,11.420744526766,'2023-03-28 18:18:03','2023-05-16 16:01:36'),(551,1,3,2021,6,38.5691409646709,-0.919360567293,'2023-03-28 18:18:03','2023-05-16 16:01:37'),(552,1,4,2021,6,74.9723592193808,-4.6609235725805,'2023-03-28 18:18:03','2023-05-16 16:01:39'),(553,1,1,2021,7,3.23263984519144,-0.21686504825985,'2023-03-28 18:18:03','2023-05-16 16:01:35'),(554,1,2,2021,7,24.3149824643859,11.604963534886,'2023-03-28 18:18:03','2023-05-16 16:01:36'),(555,1,3,2021,7,38.7740990882066,0.090435034319757,'2023-03-28 18:18:03','2023-05-16 16:01:37'),(556,1,4,2021,7,74.1060899351314,-5.6949782502139,'2023-03-28 18:18:03','2023-05-16 16:01:39'),(557,1,1,2021,8,3.24852336740374,0.18159035424058,'2023-03-28 18:18:03','2023-05-16 16:01:35'),(558,1,2,2021,8,24.6579712903766,12.673978957536,'2023-03-28 18:18:03','2023-05-16 16:01:36'),(559,1,3,2021,8,38.7692843841727,0.066713764468991,'2023-03-28 18:18:03','2023-05-16 16:01:37'),(560,1,4,2021,8,74.2472559832582,-5.5264701257281,'2023-03-28 18:18:03','2023-05-16 16:01:39'),(561,1,5,2010,1,15.129,15.854165509533,'2023-03-29 02:36:31','2023-05-16 16:14:50'),(562,1,5,2010,2,21.836,22.793912686024,'2023-03-29 02:36:31','2023-05-16 16:14:50'),(563,1,5,2010,3,18.323,19.152640094725,'2023-03-29 02:36:31','2023-05-16 16:14:50'),(564,1,5,2010,4,17.782,18.576404950444,'2023-03-29 02:36:31','2023-05-16 16:14:50'),(565,1,5,2010,5,23.084,24.048901322968,'2023-03-29 02:36:31','2023-05-16 16:14:50'),(566,1,5,2010,6,8.109,8.5673047434046,'2023-03-29 02:36:31','2023-05-16 16:14:50'),(567,1,5,2010,7,12.522,13.128113599558,'2023-03-29 02:36:31','2023-05-16 16:14:50'),(568,1,5,2010,8,12.12,12.700934454027,'2023-03-29 02:36:31','2023-05-16 16:14:50'),(569,1,5,2010,9,9.166,9.6642763871646,'2023-03-29 02:36:31','2023-05-16 16:14:50'),(570,1,5,2010,10,9.467,9.9582838726982,'2023-03-29 02:36:31','2023-05-16 16:14:50'),(571,1,5,2010,11,9.933,10.453077365214,'2023-03-29 02:36:31','2023-05-16 16:14:50'),(572,1,5,2010,12,-7.652,-7.6785984100776,'2023-03-29 02:36:31','2023-05-16 16:14:50'),(573,1,5,2011,1,-2.739,-2.5954985898278,'2023-03-29 02:36:31','2023-05-16 16:14:51'),(574,1,5,2011,2,2.173,2.5573205716296,'2023-03-29 02:36:31','2023-05-16 16:14:51'),(575,1,5,2011,3,0.896,1.260659054901,'2023-03-29 02:36:31','2023-05-16 16:14:51'),(576,1,5,2011,4,4.776,5.2599939095734,'2023-03-29 02:36:31','2023-05-16 16:14:51'),(577,1,5,2011,5,3.839,4.312060740472,'2023-03-29 02:36:31','2023-05-16 16:14:51'),(578,1,5,2011,6,-0.541,-0.18856296578872,'2023-03-29 02:36:31','2023-05-16 16:14:51'),(579,1,5,2011,7,2.556,3.0296593585837,'2023-03-29 02:36:31','2023-05-16 16:14:51'),(580,1,5,2011,8,-1.674,-1.301523943441,'2023-03-29 02:36:31','2023-05-16 16:14:51'),(581,1,5,2011,9,-2.698,-2.3367155365335,'2023-03-29 02:36:31','2023-05-16 16:14:51'),(582,1,5,2011,10,-10.044,-9.8975953088193,'2023-03-29 02:36:31','2023-05-16 16:14:51'),(583,1,5,2011,11,-16.699,-16.767358066876,'2023-03-29 02:36:31','2023-05-16 16:14:51'),(584,1,5,2011,12,-20.52,-20.712859448073,'2023-03-29 02:36:31','2023-05-16 16:14:51'),(585,1,5,2012,1,-18.039,-18.140163978557,'2023-03-29 02:36:31','2023-05-16 16:14:51'),(586,1,5,2012,2,-15.594,-15.612787165131,'2023-03-29 02:36:31','2023-05-16 16:14:51'),(587,1,5,2012,3,-16.986,-17.039735247815,'2023-03-29 02:36:31','2023-05-16 16:14:51'),(588,1,5,2012,4,-14.974,-14.970184250242,'2023-03-29 02:36:31','2023-05-16 16:14:51'),(589,1,5,2012,5,-13.922,-13.862307806625,'2023-03-29 02:36:31','2023-05-16 16:14:51'),(590,1,5,2012,6,-13.958,-13.927781863549,'2023-03-29 02:36:31','2023-05-16 16:14:51'),(591,1,5,2012,7,-13.684,-13.620523531349,'2023-03-29 02:36:31','2023-05-16 16:14:51'),(592,1,5,2012,8,-16.24,-16.255185832189,'2023-03-29 02:36:31','2023-05-16 16:14:51'),(593,1,5,2012,9,-16.934,-16.967331918028,'2023-03-29 02:36:31','2023-05-16 16:14:51'),(594,1,5,2012,10,-20.216,-20.338776132354,'2023-03-29 02:36:31','2023-05-16 16:14:51'),(595,1,5,2012,11,-21.593,-21.759316418809,'2023-03-29 02:36:31','2023-05-16 16:14:51'),(596,1,5,2012,12,-26.589,-26.921273019064,'2023-03-29 02:36:31','2023-05-16 16:14:51'),(597,1,5,2013,1,-21.747,-21.913488113477,'2023-03-29 02:36:31','2023-05-16 16:14:51'),(598,1,5,2013,2,-17.927,-17.956239667416,'2023-03-29 02:36:31','2023-05-16 16:14:51'),(599,1,5,2013,3,-17.536,-17.548896126871,'2023-03-29 02:36:31','2023-05-16 16:14:51'),(600,1,5,2013,4,-15.346,-15.310119534945,'2023-03-29 02:36:31','2023-05-16 16:14:51'),(601,1,5,2013,5,-14.089,-14.020091831855,'2023-03-29 02:36:31','2023-05-16 16:14:51'),(602,1,5,2013,6,-18.347,-18.447827558593,'2023-03-29 02:36:31','2023-05-16 16:14:51'),(603,1,5,2013,7,-15.895,-15.93863844806,'2023-03-29 02:36:31','2023-05-16 16:14:51'),(604,1,5,2013,8,-11.849,-11.743166964507,'2023-03-29 02:36:31','2023-05-16 16:14:51'),(605,1,5,2013,9,-15.443,-15.45835327835,'2023-03-29 02:36:31','2023-05-16 16:14:51'),(606,1,5,2013,10,-12.334,-12.265452148326,'2023-03-29 02:36:31','2023-05-16 16:14:51'),(607,1,5,2013,11,-10.606,-10.471259456688,'2023-03-29 02:36:31','2023-05-16 16:14:51'),(608,1,5,2013,12,-18.027,-18.171689343785,'2023-03-29 02:36:31','2023-05-16 16:14:51'),(609,1,5,2014,1,-11.132,-11.037867045315,'2023-03-29 02:36:31','2023-05-16 16:14:51'),(610,1,5,2014,2,-1.981,-1.5846322039329,'2023-03-29 02:36:31','2023-05-16 16:14:51'),(611,1,5,2014,3,-7.102,-6.8971141421643,'2023-03-29 02:36:31','2023-05-16 16:14:51'),(612,1,5,2014,4,-2.209,-1.8666201799079,'2023-03-29 02:36:31','2023-05-16 16:14:51'),(613,1,5,2014,5,7.443,8.0840126592624,'2023-03-29 02:36:31','2023-05-16 16:14:51'),(614,1,5,2014,6,5.744,6.305420503946,'2023-03-29 02:36:31','2023-05-16 16:14:51'),(615,1,5,2014,7,12.726,13.516614983179,'2023-03-29 02:36:31','2023-05-16 16:14:51'),(616,1,5,2014,8,17.332,18.279072678643,'2023-03-29 02:36:31','2023-05-16 16:14:51'),(617,1,5,2014,9,19.068,20.065195629469,'2023-03-29 02:36:31','2023-05-16 16:14:51'),(618,1,5,2014,10,20.576,21.617040245814,'2023-03-29 02:36:31','2023-05-16 16:14:51'),(619,1,5,2014,11,22.495,23.587810150075,'2023-03-29 02:36:31','2023-05-16 16:14:51'),(620,1,5,2014,12,13.029,13.816307571687,'2023-03-29 02:36:31','2023-05-16 16:14:51'),(621,1,5,2015,1,34.137,35.61798848402,'2023-03-29 02:36:31','2023-05-16 16:14:51'),(622,1,5,2015,2,38.879,40.520882785101,'2023-03-29 02:36:31','2023-05-16 16:14:51'),(623,1,5,2015,3,33.103,34.547287455979,'2023-03-29 02:36:31','2023-05-16 16:14:51'),(624,1,5,2015,4,28.596,30.034671435664,'2023-03-29 02:36:31','2023-05-16 16:14:51'),(625,1,5,2015,5,32.806,34.204770786049,'2023-03-29 02:36:31','2023-05-16 16:14:51'),(626,1,5,2015,6,27.6,28.781165178277,'2023-03-29 02:36:31','2023-05-16 16:14:51'),(627,1,5,2015,7,31.061,32.538146663547,'2023-03-29 02:36:31','2023-05-16 16:14:51'),(628,1,5,2015,8,31.433,32.902494835621,'2023-03-29 02:36:31','2023-05-16 16:14:51'),(629,1,5,2015,9,29.045,30.240657379017,'2023-03-29 02:36:31','2023-05-16 16:14:51'),(630,1,5,2015,10,29.294,30.497420773292,'2023-03-29 02:36:31','2023-05-16 16:14:51'),(631,1,5,2015,11,28.92,30.104800070607,'2023-03-29 02:36:31','2023-05-16 16:14:51'),(632,1,5,2015,12,24.127,25.130466515844,'2023-03-29 02:36:31','2023-05-16 16:14:51'),(633,1,5,2016,1,34.265,35.569410201302,'2023-03-29 02:36:31','2023-05-16 16:14:51'),(634,1,5,2016,2,36.856,38.308915390953,'2023-03-29 02:36:31','2023-05-16 16:14:51'),(635,1,5,2016,3,33.112,34.353109657112,'2023-03-29 02:36:31','2023-05-16 16:14:51'),(636,1,5,2016,4,35.538,36.975546705432,'2023-03-29 02:36:31','2023-05-16 16:14:51'),(637,1,5,2016,5,47.254,48.992650601238,'2023-03-29 02:36:31','2023-05-16 16:14:51'),(638,1,5,2016,6,38.829,40.397639885387,'2023-03-29 02:36:31','2023-05-16 16:14:51'),(639,1,5,2016,7,32.332,33.650668826796,'2023-03-29 02:36:31','2023-05-16 16:14:51'),(640,1,5,2016,8,36.406,37.821567879135,'2023-03-29 02:36:31','2023-05-16 16:14:51'),(641,1,5,2016,9,19.947,20.909779352083,'2023-03-29 02:36:31','2023-05-16 16:14:51'),(642,1,5,2016,10,22.256,23.229993570165,'2023-03-29 02:36:31','2023-05-16 16:14:51'),(643,1,5,2016,11,20.179,21.117622976983,'2023-03-29 02:36:31','2023-05-16 16:14:51'),(644,1,5,2016,12,16.145,16.911777728124,'2023-03-29 02:36:31','2023-05-16 16:14:51'),(645,1,5,2017,1,20.909,21.856235206227,'2023-03-29 02:36:31','2023-05-16 16:14:51'),(646,1,5,2017,2,21.681,22.728463208995,'2023-03-29 02:36:31','2023-05-16 16:14:51'),(647,1,5,2017,3,19.064,20.047925473111,'2023-03-29 02:36:31','2023-05-16 16:14:51'),(648,1,5,2017,4,22.391,23.461703907106,'2023-03-29 02:36:31','2023-05-16 16:14:51'),(649,1,5,2017,5,21.474,22.485707077117,'2023-03-29 02:36:31','2023-05-16 16:14:51'),(650,1,5,2017,6,17.274,18.057729958334,'2023-03-29 02:36:31','2023-05-16 16:14:51'),(651,1,5,2017,7,18.195,19.051427332277,'2023-03-29 02:36:31','2023-05-16 16:14:51'),(652,1,5,2017,8,17.676,18.430368395718,'2023-03-29 02:36:31','2023-05-16 16:14:51'),(653,1,5,2017,9,16.102,16.885474289547,'2023-03-29 02:36:31','2023-05-16 16:14:51'),(654,1,5,2017,10,24.11,25.189728231104,'2023-03-29 02:36:31','2023-05-16 16:14:51'),(655,1,5,2017,11,30.066,31.287676993936,'2023-03-29 02:36:31','2023-05-16 16:14:51'),(656,1,5,2017,12,22.578,23.46903759579,'2023-03-29 02:36:31','2023-05-16 16:14:51'),(657,1,5,2018,1,29.383,30.648037431177,'2023-03-29 02:36:31','2023-05-16 16:14:51'),(658,1,5,2018,2,29.669,30.912107669828,'2023-03-29 02:36:31','2023-05-16 16:14:51'),(659,1,5,2018,3,18.698,19.610202880714,'2023-03-29 02:36:31','2023-05-16 16:14:51'),(660,1,5,2018,4,23.337,24.318920293522,'2023-03-29 02:36:31','2023-05-16 16:14:51'),(661,1,5,2018,5,24.363,25.340981250069,'2023-03-29 02:36:31','2023-05-16 16:14:51'),(662,1,5,2018,6,7.2,7.6688269795596,'2023-03-29 02:36:31','2023-05-16 16:14:51'),(663,1,5,2018,7,8.826,9.2240150593187,'2023-03-29 02:36:31','2023-05-16 16:14:51'),(664,1,5,2018,8,9.985,10.48589985168,'2023-03-29 02:36:31','2023-05-16 16:14:51'),(665,1,5,2018,9,7.336,7.8131897930136,'2023-03-29 02:36:31','2023-05-16 16:14:51'),(666,1,5,2018,10,9.653,10.150170688816,'2023-03-29 02:36:31','2023-05-16 16:14:51'),(667,1,5,2018,11,9.521,9.9650328840923,'2023-03-29 02:36:31','2023-05-16 16:14:51'),(668,1,5,2018,12,-1.465,-1.3951196021903,'2023-03-29 02:36:31','2023-05-16 16:14:51'),(669,1,5,2019,1,0.341,0.55618593367307,'2023-03-29 02:36:31','2023-05-16 16:14:51'),(670,1,5,2019,2,1.662,1.7502117990048,'2023-03-29 02:36:31','2023-05-16 16:14:51'),(671,1,5,2019,3,2.267,2.4587595110824,'2023-03-29 02:36:31','2023-05-16 16:14:51'),(672,1,5,2019,4,4.711,4.9753688947082,'2023-03-29 02:36:31','2023-05-16 16:14:51'),(673,1,5,2019,5,3.458,3.6922771261755,'2023-03-29 02:36:31','2023-05-16 16:14:51'),(674,1,5,2019,6,1.343,1.3753075833872,'2023-03-29 02:36:31','2023-05-16 16:14:51'),(675,1,5,2019,7,1.279,1.3316781627644,'2023-03-29 02:36:31','2023-05-16 16:14:51'),(676,1,5,2019,8,2.772,2.8984959746701,'2023-03-29 02:36:31','2023-05-16 16:14:51'),(677,1,5,2019,9,1.303,1.3555463478615,'2023-03-29 02:36:31','2023-05-16 16:14:51'),(678,1,5,2019,10,4.125,4.3408380539074,'2023-03-29 02:36:31','2023-05-16 16:14:51'),(679,1,5,2019,11,4.396,4.4805239713498,'2023-03-29 02:36:31','2023-05-16 16:14:51'),(680,1,5,2019,12,0.622,0.5125852996097,'2023-03-29 02:36:31','2023-05-16 16:14:51'),(681,1,5,2020,1,4.059,4.1544243334602,'2023-03-29 02:36:31','2023-05-16 16:14:51'),(682,1,5,2020,2,2.454,2.5781428517058,'2023-03-29 02:36:31','2023-05-16 16:14:51'),(683,1,5,2020,3,3.981,4.0093369463299,'2023-03-29 02:36:31','2023-05-16 16:14:51'),(684,1,5,2020,4,3.776,3.9170320981323,'2023-03-29 02:36:31','2023-05-16 16:14:51'),(685,1,5,2020,5,2.919,2.9155905127472,'2023-03-29 02:36:31','2023-05-16 16:14:51'),(686,1,5,2020,6,2.889,2.8397585910406,'2023-03-29 02:36:31','2023-05-16 16:14:51'),(687,1,5,2020,7,2.336,2.4154894470811,'2023-03-29 02:36:31','2023-05-16 16:14:51'),(688,1,5,2020,8,1.708,1.6672727760577,'2023-03-29 02:36:31','2023-05-16 16:14:51'),(689,1,5,2020,9,0.986,0.91619811891216,'2023-03-29 02:36:31','2023-05-16 16:14:52'),(690,1,5,2020,10,-0.915,-0.90905218482417,'2023-03-29 02:36:31','2023-05-16 16:14:52'),(691,1,5,2020,11,-0.033,-0.057766841965344,'2023-03-29 02:36:31','2023-05-16 16:14:52'),(692,1,5,2020,12,-0.275,-0.32883477468862,'2023-03-29 02:36:31','2023-05-16 16:14:52'),(693,1,5,2021,1,-0.536,-0.64675681679261,'2023-03-29 02:36:31','2023-05-16 16:14:52'),(694,1,5,2021,2,-0.334,-0.30452761418756,'2023-03-29 02:36:31','2023-05-16 16:14:52'),(695,1,5,2021,3,1.071,1.094107602254,'2023-03-29 02:36:31','2023-05-16 16:14:52'),(696,1,5,2021,4,1.607,1.6552426582609,'2023-03-29 02:36:31','2023-05-16 16:14:52'),(697,1,5,2021,5,1.625,1.5823679498868,'2023-03-29 02:36:31','2023-05-16 16:14:52'),(698,1,5,2021,6,0.647,0.63043561784253,'2023-03-29 02:36:31','2023-05-16 16:14:52'),(699,1,5,2021,7,0.41,0.44330845404779,'2023-03-29 02:36:31','2023-05-16 16:14:52'),(700,1,5,2021,8,0.85,0.8168925147429,'2023-03-29 02:36:31','2023-05-16 16:14:52'),(701,1,6,2010,1,1.87,1.1236062872329,'2023-06-07 17:54:51','2023-06-10 18:02:22'),(702,1,6,2010,2,2.04,12.038638791781,'2023-06-07 17:54:51','2023-06-10 18:02:22'),(703,1,6,2010,3,2.16,19.74336761852,'2023-06-07 17:54:51','2023-06-10 18:02:22'),(704,1,6,2010,4,2.24,24.879853503013,'2023-06-07 17:54:51','2023-06-10 18:02:22'),(705,1,6,2010,5,2.26,26.163974974137,'2023-06-07 17:54:51','2023-06-10 18:02:22'),(706,1,6,2010,6,2.251111,25.593247186296,'2023-06-07 17:54:51','2023-06-10 18:02:22'),(707,1,6,2010,7,2.080494,14.638599534364,'2023-06-07 17:54:51','2023-06-10 18:02:22'),(708,1,6,2010,8,2.049012,12.617263926669,'2023-06-07 17:54:51','2023-06-10 18:02:22'),(709,1,6,2010,9,2.050494,12.712417327679,'2023-06-07 17:54:51','2023-06-10 18:02:22'),(710,1,6,2010,10,2.144691,18.760436838449,'2023-06-07 17:54:51','2023-06-10 18:02:22'),(711,1,6,2010,11,2.167284,20.211044658303,'2023-06-07 17:54:51','2023-06-10 18:02:22'),(712,1,6,2010,12,2.178025,20.90068209437,'2023-06-07 17:54:51','2023-06-10 18:02:22'),(713,1,6,2011,1,2.170988,20.448863954755,'2023-06-07 17:54:51','2023-06-10 18:02:22'),(714,1,6,2011,2,2.162469,19.901892414131,'2023-06-07 17:54:51','2023-06-10 18:02:22'),(715,1,6,2011,3,2.146543,18.879346486675,'2023-06-07 17:54:51','2023-06-10 18:02:22'),(716,1,6,2011,4,2.115802,16.905587579485,'2023-06-07 17:54:51','2023-06-10 18:02:22'),(717,1,6,2011,5,2.090617,15.288557616973,'2023-06-07 17:54:51','2023-06-10 18:02:22'),(718,1,6,2011,6,2.06358,13.552618006235,'2023-06-07 17:54:51','2023-06-10 18:02:22'),(719,1,6,2011,7,2.02284,10.936862569557,'2023-06-07 17:54:51','2023-06-10 18:02:22'),(720,1,6,2011,8,2.000988,9.5338314502076,'2023-06-07 17:54:51','2023-06-10 18:02:22'),(721,1,6,2011,9,1.986173,8.5826184704731,'2023-06-07 17:54:51','2023-06-10 18:02:22'),(722,1,6,2011,10,1.975926,7.9246988347431,'2023-06-07 17:54:51','2023-06-10 18:02:22'),(723,1,6,2011,11,1.977037,7.996031782464,'2023-06-07 17:54:51','2023-06-10 18:02:22'),(724,1,6,2011,12,1.987037,8.6380925180256,'2023-06-07 17:54:51','2023-06-10 18:02:22'),(725,1,6,2012,1,2.021235,10.833811821499,'2023-06-07 17:54:51','2023-06-10 18:02:22'),(726,1,6,2012,2,2.037531,11.880113996171,'2023-06-07 17:54:51','2023-06-10 18:02:22'),(727,1,6,2012,3,2.051235,12.759994028184,'2023-06-07 17:54:51','2023-06-10 18:02:22'),(728,1,6,2012,4,2.07716,14.424536485128,'2023-06-07 17:54:51','2023-06-10 18:02:22'),(729,1,6,2012,5,2.074568,14.25811434247,'2023-06-07 17:54:51','2023-06-10 18:02:22'),(730,1,6,2012,6,2.058272,13.211812167799,'2023-06-07 17:54:51','2023-06-10 18:02:22'),(731,1,6,2012,7,2.000123,9.4782931965816,'2023-06-07 17:54:51','2023-06-10 18:02:22'),(732,1,6,2012,8,1.977531,8.0277495828007,'2023-06-07 17:54:51','2023-06-10 18:02:22'),(733,1,6,2012,9,1.962346,7.0527803558504,'2023-06-07 17:54:51','2023-06-10 18:02:22'),(734,1,6,2012,10,1.977284,8.0118906826323,'2023-06-07 17:54:51','2023-06-10 18:02:22'),(735,1,6,2012,11,1.959877,6.8942555602402,'2023-06-07 17:54:51','2023-06-10 18:02:22'),(736,1,6,2012,12,1.93284,5.1583159495022,'2023-06-07 17:54:51','2023-06-10 18:02:22'),(737,1,6,2013,1,1.864568,0.77483889567578,'2023-06-07 17:54:51','2023-06-10 18:02:22'),(738,1,6,2013,2,1.841975,-0.67576892417863,'2023-06-07 17:54:51','2023-06-10 18:02:22'),(739,1,6,2013,3,1.833457,-1.22267625873,'2023-06-07 17:54:51','2023-06-10 18:02:22'),(740,1,6,2013,4,1.863704,0.71936484812326,'2023-06-07 17:54:51','2023-06-10 18:02:22'),(741,1,6,2013,5,1.864815,0.79069779584415,'2023-06-07 17:54:51','2023-06-10 18:02:22'),(742,1,6,2013,6,1.861481,0.5766347466079,'2023-06-07 17:54:51','2023-06-10 18:02:22'),(743,1,6,2013,7,1.841358,-0.71538407156278,'2023-06-07 17:54:51','2023-06-10 18:02:22'),(744,1,6,2013,8,1.838395,-0.90562666750969,'2023-06-07 17:54:51','2023-06-10 18:02:22'),(745,1,6,2013,9,1.840247,-0.78671701928368,'2023-06-07 17:54:51','2023-06-10 18:02:22'),(746,1,6,2013,10,1.879012,1.702231422121,'2023-06-07 17:54:51','2023-06-10 18:02:22'),(747,1,6,2013,11,1.86642,0.8937485439018,'2023-06-07 17:54:51','2023-06-10 18:02:22'),(748,1,6,2013,12,1.834568,-1.1513433110091,'2023-06-07 17:54:51','2023-06-10 18:02:22'),(749,1,6,2014,1,1.743951,-6.969505078448,'2023-06-07 17:54:51','2023-06-10 18:02:22'),(750,1,6,2014,2,1.70321,-9.5853247211997,'2023-06-07 17:54:51','2023-06-10 18:02:22'),(751,1,6,2014,3,1.67284,-11.5352631751,'2023-06-07 17:54:51','2023-06-10 18:02:22'),(752,1,6,2014,4,1.658272,-12.470617254667,'2023-06-07 17:54:51','2023-06-10 18:02:22'),(753,1,6,2014,5,1.644568,-13.35049728668,'2023-06-07 17:54:51','2023-06-10 18:02:22'),(754,1,6,2014,6,1.63716,-13.826135879584,'2023-06-07 17:54:51','2023-06-10 18:02:22'),(755,1,6,2014,7,1.638025,-13.770597625958,'2023-06-07 17:54:51','2023-06-10 18:02:22'),(756,1,6,2014,8,1.641728,-13.53284253558,'2023-06-07 17:54:51','2023-06-10 18:02:22'),(757,1,6,2014,9,1.650247,-12.985870994955,'2023-06-07 17:54:51','2023-06-10 18:02:22'),(758,1,6,2014,10,1.68679,-10.639588448992,'2023-06-07 17:54:51','2023-06-10 18:02:22'),(759,1,6,2014,11,1.687531,-10.592011748487,'2023-06-07 17:54:51','2023-06-10 18:02:22'),(760,1,6,2014,12,1.675679,-11.352982132274,'2023-06-07 17:54:51','2023-06-10 18:02:22'),(761,1,6,2015,1,1.628025,-14.41265836152,'2023-06-07 17:54:51','2023-06-10 18:02:22'),(762,1,6,2015,2,1.608395,-15.673023585427,'2023-06-07 17:54:51','2023-06-10 18:02:22'),(763,1,6,2015,3,1.59358,-16.624236565162,'2023-06-07 17:54:51','2023-06-10 18:02:22'),(764,1,6,2015,4,1.58358,-17.266297300724,'2023-06-07 17:54:51','2023-06-10 18:02:22'),(765,1,6,2015,5,1.578395,-17.599205792112,'2023-06-07 17:54:51','2023-06-10 18:02:22'),(766,1,6,2015,6,1.578025,-17.622962039328,'2023-06-07 17:54:51','2023-06-10 18:02:22'),(767,1,6,2015,7,1.572593,-17.971729430885,'2023-06-07 17:54:51','2023-06-10 18:02:22'),(768,1,6,2015,8,1.589259,-16.901671008998,'2023-06-07 17:54:51','2023-06-10 18:02:22'),(769,1,6,2015,9,1.618148,-15.046821750034,'2023-06-07 17:54:51','2023-06-10 18:02:22'),(770,1,6,2015,10,1.704198,-9.5218891205262,'2023-06-07 17:54:51','2023-06-10 18:02:22'),(771,1,6,2015,11,1.723827,-8.2615881026923,'2023-06-07 17:54:51','2023-06-10 18:02:22'),(772,1,6,2015,12,1.721975,-8.3804977509183,'2023-06-07 17:54:51','2023-06-10 18:02:22'),(773,1,6,2016,1,1.646296,-13.239549191575,'2023-06-07 17:54:51','2023-06-10 18:02:22'),(774,1,6,2016,2,1.640741,-13.59621393018,'2023-06-07 17:54:51','2023-06-10 18:02:22'),(775,1,6,2016,3,1.652963,-12.811487299176,'2023-06-07 17:54:51','2023-06-10 18:02:22'),(776,1,6,2016,4,1.728889,-7.936576958351,'2023-06-07 17:54:51','2023-06-10 18:02:22'),(777,1,6,2016,5,1.742222,-7.0805173796266,'2023-06-07 17:54:51','2023-06-10 18:02:22'),(778,1,6,2016,6,1.738889,-7.2945162227893,'2023-06-07 17:54:51','2023-06-10 18:02:22'),(779,1,6,2016,7,1.692222,-10.290821057435,'2023-06-07 17:54:51','2023-06-10 18:02:22'),(780,1,6,2016,8,1.675556,-11.360879479322,'2023-06-07 17:54:51','2023-06-10 18:02:22'),(781,1,6,2016,9,1.662222,-12.21700326412,'2023-06-07 17:54:51','2023-06-10 18:02:22'),(782,1,6,2016,10,1.648765,-13.081024395965,'2023-06-07 17:54:51','2023-06-10 18:02:22'),(783,1,6,2016,11,1.644691,-13.342599939633,'2023-06-07 17:54:51','2023-06-10 18:02:22'),(784,1,6,2016,12,1.646543,-13.223690291407,'2023-06-07 17:54:51','2023-06-10 18:02:22'),(785,1,6,2017,1,1.665679,-11.995042867836,'2023-06-07 17:54:51','2023-06-10 18:02:22'),(786,1,6,2017,2,1.670864,-11.662134376447,'2023-06-07 17:54:51','2023-06-10 18:02:22'),(787,1,6,2017,3,1.673457,-11.495648027716,'2023-06-07 17:54:51','2023-06-10 18:02:22'),(788,1,6,2017,4,1.667531,-11.87613321961,'2023-06-07 17:54:51','2023-06-10 18:02:22'),(789,1,6,2017,5,1.669383,-11.757223571384,'2023-06-07 17:54:51','2023-06-10 18:02:22'),(790,1,6,2017,6,1.673086,-11.519468481006,'2023-06-07 17:54:51','2023-06-10 18:02:22'),(791,1,6,2017,7,1.67716,-11.257892937338,'2023-06-07 17:54:51','2023-06-10 18:02:22'),(792,1,6,2017,8,1.685679,-10.710921396713,'2023-06-07 17:54:51','2023-06-10 18:02:22'),(793,1,6,2017,9,1.69716,-9.9737714662145,'2023-06-07 17:54:51','2023-06-10 18:02:22'),(794,1,6,2017,10,1.728395,-7.9682947586877,'2023-06-07 17:54:51','2023-06-10 18:02:22'),(795,1,6,2017,11,1.73321,-7.6591425145148,'2023-06-07 17:54:51','2023-06-10 18:02:22'),(796,1,6,2017,12,1.728395,-7.9682947586877,'2023-06-07 17:54:51','2023-06-10 18:02:22'),(797,1,6,2018,1,1.684321,-10.798113244602,'2023-06-07 17:54:51','2023-06-10 18:02:22'),(798,1,6,2018,2,1.682469,-10.917022892828,'2023-06-07 17:54:51','2023-06-10 18:02:22'),(799,1,6,2018,3,1.69321,-10.227385456761,'2023-06-07 17:54:51','2023-06-10 18:02:22'),(800,1,6,2018,4,1.748642,-6.6683143873961,'2023-06-07 17:54:51','2023-06-10 18:02:22'),(801,1,6,2018,5,1.760494,-5.9073440036084,'2023-06-07 17:54:51','2023-06-10 18:02:22'),(802,1,6,2018,6,1.760864,-5.8835877563926,'2023-06-07 17:54:51','2023-06-10 18:02:22'),(803,1,6,2018,7,1.729012,-7.9286796113036,'2023-06-07 17:54:51','2023-06-10 18:02:22'),(804,1,6,2018,8,1.721975,-8.3804977509183,'2023-06-07 17:54:51','2023-06-10 18:02:22'),(805,1,6,2018,9,1.719012,-8.5707403468652,'2023-06-07 17:54:51','2023-06-10 18:02:22'),(806,1,6,2018,10,1.731481,-7.7701548156934,'2023-06-07 17:54:51','2023-06-10 18:02:22'),(807,1,6,2018,11,1.728148,-7.9841536588561,'2023-06-07 17:54:51','2023-06-10 18:02:22'),(808,1,6,2018,12,1.72037,-8.4835484989759,'2023-06-07 17:54:51','2023-06-10 18:02:22'),(809,1,6,2019,1,1.697778,-9.9340921127568,'2023-06-07 17:54:51','2023-06-10 18:02:22'),(810,1,6,2019,2,1.688889,-10.504819900598,'2023-06-07 17:54:51','2023-06-10 18:02:22'),(811,1,6,2019,3,1.683333,-10.861548845276,'2023-06-07 17:54:51','2023-06-10 18:02:22'),(812,1,6,2019,4,1.686049,-10.687165149497,'2023-06-07 17:54:51','2023-06-10 18:02:22'),(813,1,6,2019,5,1.683457,-10.853587292155,'2023-06-07 17:54:51','2023-06-10 18:02:22'),(814,1,6,2019,6,1.680494,-11.043829888102,'2023-06-07 17:54:51','2023-06-10 18:02:22'),(815,1,6,2019,7,1.677654,-11.226175137001,'2023-06-07 17:54:51','2023-06-10 18:02:22'),(816,1,6,2019,8,1.67358,-11.487750680669,'2023-06-07 17:54:51','2023-06-10 18:02:22'),(817,1,6,2019,9,1.668765,-11.796902924842,'2023-06-07 17:54:51','2023-06-10 18:02:22'),(818,1,6,2019,10,1.758519,-6.0341509988818,'2023-06-07 17:54:51','2023-06-10 18:02:22'),(819,1,6,2019,11,1.680741,-11.027970987933,'2023-06-07 17:54:51','2023-06-10 18:02:22'),(820,1,6,2019,12,1.530741,-20.658882021358,'2023-06-07 17:54:51','2023-06-10 18:02:22'),(821,1,6,2020,1,1.52284,-21.166174208525,'2023-06-07 17:54:51','2023-06-10 18:02:22'),(822,1,6,2020,2,1.067654,-50.391880006261,'2023-06-07 17:54:51','2023-06-10 18:02:22'),(823,1,6,2020,3,0.379506,-94.575161111788,'2023-06-07 17:54:51','2023-06-10 18:02:22'),(824,1,6,2020,4,-1.351975,-205.74675755889,'2023-06-07 17:54:51','2023-06-10 18:02:22'),(825,1,6,2020,5,-1.898272,-240.8223429244,'2023-06-07 17:54:51','2023-06-10 18:02:22'),(826,1,6,2020,6,-2.069753,-251.83246462388,'2023-06-07 17:54:51','2023-06-10 18:02:22'),(827,1,6,2020,7,-1.34642,-205.39009282028,'2023-06-07 17:54:51','2023-06-10 18:02:22'),(828,1,6,2020,8,-1.158272,-193.30984849284,'2023-06-07 17:54:51','2023-06-10 18:02:22'),(829,1,6,2020,9,-0.985309,-182.20457339234,'2023-06-07 17:54:51','2023-06-10 18:02:22'),(830,1,6,2020,10,-0.844815,-173.18400529414,'2023-06-07 17:54:51','2023-06-10 18:02:22'),(831,1,6,2020,11,-0.689259,-163.19636531604,'2023-06-07 17:54:51','2023-06-10 18:02:22'),(832,1,6,2020,12,-0.535926,-153.35145543945,'2023-06-07 17:54:51','2023-06-10 18:02:22'),(833,1,6,2021,1,-0.704815,-164.19515499628,'2023-06-07 17:54:51','2023-06-10 18:02:22'),(834,1,6,2021,2,-0.315926,-139.2261192571,'2023-06-07 17:54:51','2023-06-10 18:02:22'),(835,1,6,2021,3,0.310741,-98.990291759878,'2023-06-07 17:54:51','2023-06-10 18:02:22'),(836,1,6,2021,4,2.052222,12.823365422784,'2023-06-07 17:54:51','2023-06-10 18:02:22'),(837,1,6,2021,5,2.496667,41.359433784453,'2023-06-07 17:54:51','2023-06-10 18:02:22'),(838,1,6,2021,6,2.521111,42.92888704646,'2023-06-07 17:54:51','2023-06-10 18:02:22'),(839,1,6,2021,7,2.125556,17.531853620952,'2023-06-07 17:54:51','2023-06-10 18:02:22'),(840,1,6,2021,8,1.31,-34.831794904219,'2023-06-07 17:54:51','2023-06-10 18:02:22'),(841,1,6,2021,9,0.074444,-114.16199432298,'2023-06-07 17:54:51','2023-06-10 18:02:22'),(842,1,7,2010,1,0.84,5.2035035376226,'2023-06-07 17:54:51','2023-06-10 18:10:33'),(843,1,7,2010,2,0.3,1.4625231836513,'2023-06-07 17:54:51','2023-06-10 18:10:33'),(844,1,7,2010,3,-0.14,-1.5856830306956,'2023-06-07 17:54:51','2023-06-10 18:10:33'),(845,1,7,2010,4,0.15,0.42336197421485,'2023-06-07 17:54:51','2023-06-10 18:10:33'),(846,1,7,2010,5,0.29,1.3932457696889,'2023-06-07 17:54:51','2023-06-10 18:10:33'),(847,1,7,2010,6,0.97,6.1041099191342,'2023-06-07 17:54:51','2023-06-10 18:10:33'),(848,1,7,2010,7,1.57,10.26075475688,'2023-06-07 17:54:51','2023-06-10 18:10:33'),(849,1,7,2010,8,0.76,4.6492842259231,'2023-06-07 17:54:51','2023-06-10 18:10:33'),(850,1,7,2010,9,0.44,2.4324069791253,'2023-06-07 17:54:51','2023-06-10 18:10:33'),(851,1,7,2010,10,0.06,-0.20013475144702,'2023-06-07 17:54:51','2023-06-10 18:10:33'),(852,1,7,2010,11,0.6,3.5408456025242,'2023-06-07 17:54:51','2023-06-10 18:10:33'),(853,1,7,2010,12,0.92,5.757722849322,'2023-06-07 17:54:51','2023-06-10 18:10:33'),(854,1,7,2011,1,0.89,5.5498906074347,'2023-06-07 17:54:51','2023-06-10 18:10:33'),(855,1,7,2011,2,0.13,0.28480714628999,'2023-06-07 17:54:51','2023-06-10 18:10:33'),(856,1,7,2011,3,-0.32,-2.8326764820194,'2023-06-07 17:54:51','2023-06-10 18:10:33'),(857,1,7,2011,4,-0.31,-2.7633990680569,'2023-06-07 17:54:51','2023-06-10 18:10:33'),(858,1,7,2011,5,0.12,0.21552973232756,'2023-06-07 17:54:51','2023-06-10 18:10:33'),(859,1,7,2011,6,0.55,3.1944585327121,'2023-06-07 17:54:51','2023-06-10 18:10:33'),(860,1,7,2011,7,0.67,4.0257875002612,'2023-06-07 17:54:51','2023-06-10 18:10:33'),(861,1,7,2011,8,0.93,5.8270002632844,'2023-06-07 17:54:51','2023-06-10 18:10:33'),(862,1,7,2011,9,0.27,1.254690941764,'2023-06-07 17:54:51','2023-06-10 18:10:33'),(863,1,7,2011,10,-0.12,-1.4471282027708,'2023-06-07 17:54:51','2023-06-10 18:10:33'),(864,1,7,2011,11,0.34,1.739632839501,'2023-06-07 17:54:51','2023-06-10 18:10:33'),(865,1,7,2011,12,0.57,3.3330133606369,'2023-06-07 17:54:51','2023-06-10 18:10:33'),(866,1,7,2012,1,0.76,4.6492842259231,'2023-06-07 17:54:51','2023-06-10 18:10:33'),(867,1,7,2012,2,0.05,-0.26941216540945,'2023-06-07 17:54:51','2023-06-10 18:10:33'),(868,1,7,2012,3,0.07,-0.13085733748459,'2023-06-07 17:54:51','2023-06-10 18:10:33'),(869,1,7,2012,4,0.21,0.83902645798944,'2023-06-07 17:54:51','2023-06-10 18:10:33'),(870,1,7,2012,5,0.07,-0.13085733748459,'2023-06-07 17:54:51','2023-06-10 18:10:33'),(871,1,7,2012,6,0.62,3.6794004304491,'2023-06-07 17:54:51','2023-06-10 18:10:33'),(872,1,7,2012,7,0.7,4.2336197421485,'2023-06-07 17:54:51','2023-06-10 18:10:33'),(873,1,7,2012,8,0.95,5.9655550912093,'2023-06-07 17:54:51','2023-06-10 18:10:33'),(874,1,7,2012,9,0.01,-0.54652182125917,'2023-06-07 17:54:51','2023-06-10 18:10:33'),(875,1,7,2012,10,0.16,0.49263938817728,'2023-06-07 17:54:51','2023-06-10 18:10:33'),(876,1,7,2012,11,0.07,-0.13085733748459,'2023-06-07 17:54:51','2023-06-10 18:10:33'),(877,1,7,2012,12,0.54,3.1251811187496,'2023-06-07 17:54:51','2023-06-10 18:10:33'),(878,1,7,2013,1,1.03,6.5197744029087,'2023-06-07 17:54:51','2023-06-10 18:10:33'),(879,1,7,2013,2,0.75,4.5800068119607,'2023-06-07 17:54:51','2023-06-10 18:10:33'),(880,1,7,2013,3,0.63,3.7486778444115,'2023-06-07 17:54:51','2023-06-10 18:10:33'),(881,1,7,2013,4,-0.1,-1.3085733748459,'2023-06-07 17:54:51','2023-06-10 18:10:33'),(882,1,7,2013,5,-0.03,-0.8236314771089,'2023-06-07 17:54:51','2023-06-10 18:10:33'),(883,1,7,2013,6,1.03,6.5197744029087,'2023-06-07 17:54:51','2023-06-10 18:10:33'),(884,1,7,2013,7,3.29,22.176469958418,'2023-06-07 17:54:51','2023-06-10 18:10:33'),(885,1,7,2013,8,1.12,7.1432711285706,'2023-06-07 17:54:51','2023-06-10 18:10:33'),(886,1,7,2013,9,-0.35,-3.0405087239067,'2023-06-07 17:54:51','2023-06-10 18:10:33'),(887,1,7,2013,10,0.09,0.00769749044027,'2023-06-07 17:54:51','2023-06-10 18:10:33'),(888,1,7,2013,11,0.12,0.21552973232756,'2023-06-07 17:54:51','2023-06-10 18:10:33'),(889,1,7,2013,12,0.55,3.1944585327121,'2023-06-07 17:54:51','2023-06-10 18:10:33'),(890,1,7,2014,1,1.07,6.7968840587585,'2023-06-07 17:54:51','2023-06-10 18:10:33'),(891,1,7,2014,2,0.26,1.1854135278016,'2023-06-07 17:54:51','2023-06-10 18:10:33'),(892,1,7,2014,3,0.08,-0.06157992352216,'2023-06-07 17:54:51','2023-06-10 18:10:33'),(893,1,7,2014,4,-0.02,-0.75435406314647,'2023-06-07 17:54:51','2023-06-10 18:10:33'),(894,1,7,2014,5,0.16,0.49263938817728,'2023-06-07 17:54:51','2023-06-10 18:10:33'),(895,1,7,2014,6,0.43,2.3631295651629,'2023-06-07 17:54:51','2023-06-10 18:10:33'),(896,1,7,2014,7,0.93,5.8270002632844,'2023-06-07 17:54:51','2023-06-10 18:10:33'),(897,1,7,2014,8,0.47,2.6402392210126,'2023-06-07 17:54:51','2023-06-10 18:10:33'),(898,1,7,2014,9,0.27,1.254690941764,'2023-06-07 17:54:51','2023-06-10 18:10:33'),(899,1,7,2014,10,0.47,2.6402392210126,'2023-06-07 17:54:51','2023-06-10 18:10:33'),(900,1,7,2014,11,1.5,9.775812859143,'2023-06-07 17:54:51','2023-06-10 18:10:33'),(901,1,7,2014,12,2.46,16.426444599536,'2023-06-07 17:54:51','2023-06-10 18:10:33'),(902,1,7,2015,1,-0.24,-2.2784571703199,'2023-06-07 17:54:51','2023-06-10 18:10:33'),(903,1,7,2015,2,-0.36,-3.1097861378691,'2023-06-07 17:54:51','2023-06-10 18:10:33'),(904,1,7,2015,3,0.17,0.56191680213971,'2023-06-07 17:54:51','2023-06-10 18:10:33'),(905,1,7,2015,4,0.36,1.8781876674259,'2023-06-07 17:54:51','2023-06-10 18:10:33'),(906,1,7,2015,5,0.5,2.8480714628999,'2023-06-07 17:54:51','2023-06-10 18:10:34'),(907,1,7,2015,6,0.54,3.1251811187496,'2023-06-07 17:54:51','2023-06-10 18:10:34'),(908,1,7,2015,7,0.93,5.8270002632844,'2023-06-07 17:54:51','2023-06-10 18:10:34'),(909,1,7,2015,8,0.39,2.0860199093132,'2023-06-07 17:54:51','2023-06-10 18:10:34'),(910,1,7,2015,9,-0.05,-0.96218630503376,'2023-06-07 17:54:51','2023-06-10 18:10:34'),(911,1,7,2015,10,-0.08,-1.170018546921,'2023-06-07 17:54:51','2023-06-10 18:10:34'),(912,1,7,2015,11,0.21,0.83902645798944,'2023-06-07 17:54:51','2023-06-10 18:10:34'),(913,1,7,2015,12,0.96,6.0348325051717,'2023-06-07 17:54:51','2023-06-10 18:10:34'),(914,1,7,2016,1,0.51,2.9173488768623,'2023-06-07 17:54:51','2023-06-10 18:10:34'),(915,1,7,2016,2,-0.09,-1.2392959608835,'2023-06-07 17:54:51','2023-06-10 18:10:34'),(916,1,7,2016,3,0.19,0.70047163006457,'2023-06-07 17:54:51','2023-06-10 18:10:34'),(917,1,7,2016,4,-0.45,-3.733282863531,'2023-06-07 17:54:51','2023-06-10 18:10:34'),(918,1,7,2016,5,0.24,1.0468586998767,'2023-06-07 17:54:51','2023-06-10 18:10:34'),(919,1,7,2016,6,0.66,3.9565100862988,'2023-06-07 17:54:51','2023-06-10 18:10:34'),(920,1,7,2016,7,0.69,4.1643423281861,'2023-06-07 17:54:51','2023-06-10 18:10:34'),(921,1,7,2016,8,-0.02,-0.75435406314647,'2023-06-07 17:54:51','2023-06-10 18:10:34'),(922,1,7,2016,9,0.22,0.90830387195187,'2023-06-07 17:54:51','2023-06-10 18:10:34'),(923,1,7,2016,10,0.14,0.35408456025242,'2023-06-07 17:54:51','2023-06-10 18:10:34'),(924,1,7,2016,11,0.47,2.6402392210126,'2023-06-07 17:54:51','2023-06-10 18:10:34'),(925,1,7,2016,12,0.42,2.2938521512005,'2023-06-07 17:54:51','2023-06-10 18:10:34'),(926,1,7,2017,1,0.97,6.1041099191342,'2023-06-07 17:54:51','2023-06-10 18:10:34'),(927,1,7,2017,2,0.23,0.9775812859143,'2023-06-07 17:54:51','2023-06-10 18:10:34'),(928,1,7,2017,3,-0.02,-0.75435406314647,'2023-06-07 17:54:51','2023-06-10 18:10:34'),(929,1,7,2017,4,0.09,0.00769749044027,'2023-06-07 17:54:51','2023-06-10 18:10:34'),(930,1,7,2017,5,0.39,2.0860199093132,'2023-06-07 17:54:51','2023-06-10 18:10:34'),(931,1,7,2017,6,0.69,4.1643423281861,'2023-06-07 17:54:51','2023-06-10 18:10:34'),(932,1,7,2017,7,0.22,0.90830387195187,'2023-06-07 17:54:51','2023-06-10 18:10:34'),(933,1,7,2017,8,-0.07,-1.1007411329586,'2023-06-07 17:54:51','2023-06-10 18:10:34'),(934,1,7,2017,9,0.13,0.28480714628999,'2023-06-07 17:54:51','2023-06-10 18:10:34'),(935,1,7,2017,10,0.01,-0.54652182125917,'2023-06-07 17:54:51','2023-06-10 18:10:34'),(936,1,7,2017,11,0.2,0.76974904402701,'2023-06-07 17:54:51','2023-06-10 18:10:34'),(937,1,7,2017,12,0.71,4.302897156111,'2023-06-07 17:54:51','2023-06-10 18:10:34'),(938,1,7,2018,1,0.62,3.6794004304491,'2023-06-07 17:54:51','2023-06-10 18:10:34'),(939,1,7,2018,2,0.17,0.56191680213971,'2023-06-07 17:54:51','2023-06-10 18:10:34'),(940,1,7,2018,3,0.2,0.76974904402701,'2023-06-07 17:54:51','2023-06-10 18:10:34'),(941,1,7,2018,4,0.1,0.076974904402701,'2023-06-07 17:54:51','2023-06-10 18:10:34'),(942,1,7,2018,5,0.21,0.83902645798944,'2023-06-07 17:54:51','2023-06-10 18:10:34'),(943,1,7,2018,6,0.59,3.4715681885618,'2023-06-07 17:54:51','2023-06-10 18:10:34'),(944,1,7,2018,7,0.28,1.3239683557264,'2023-06-07 17:54:51','2023-06-10 18:10:34'),(945,1,7,2018,8,-0.05,-0.96218630503376,'2023-06-07 17:54:51','2023-06-10 18:10:34'),(946,1,7,2018,9,-0.18,-1.8627926865454,'2023-06-07 17:54:51','2023-06-10 18:10:34'),(947,1,7,2018,10,0.28,1.3239683557264,'2023-06-07 17:54:51','2023-06-10 18:10:34'),(948,1,7,2018,11,0.27,1.254690941764,'2023-06-07 17:54:51','2023-06-10 18:10:34'),(949,1,7,2018,12,0.62,3.6794004304491,'2023-06-07 17:54:51','2023-06-10 18:10:34'),(950,1,7,2019,1,0.32,1.6010780115762,'2023-06-07 17:54:51','2023-06-10 18:10:34'),(951,1,7,2019,2,-0.08,-1.170018546921,'2023-06-07 17:54:51','2023-06-10 18:10:34'),(952,1,7,2019,3,0.11,0.14625231836513,'2023-06-07 17:54:51','2023-06-10 18:10:34'),(953,1,7,2019,4,0.44,2.4324069791253,'2023-06-07 17:54:51','2023-06-10 18:10:34'),(954,1,7,2019,5,0.68,4.0950649142237,'2023-06-07 17:54:51','2023-06-10 18:10:34'),(955,1,7,2019,6,0.55,3.1944585327121,'2023-06-07 17:54:51','2023-06-10 18:10:34'),(956,1,7,2019,7,0.31,1.5318005976137,'2023-06-07 17:54:51','2023-06-10 18:10:34'),(957,1,7,2019,8,0.12,0.21552973232756,'2023-06-07 17:54:51','2023-06-10 18:10:34'),(958,1,7,2019,9,-0.27,-2.4862894122072,'2023-06-07 17:54:51','2023-06-10 18:10:34'),(959,1,7,2019,10,0.02,-0.47724440729674,'2023-06-07 17:54:51','2023-06-10 18:10:34'),(960,1,7,2019,11,0.14,0.35408456025242,'2023-06-07 17:54:51','2023-06-10 18:10:34'),(961,1,7,2019,12,0.34,1.739632839501,'2023-06-07 17:54:51','2023-06-10 18:10:34'),(962,1,7,2020,1,0.39,2.0860199093132,'2023-06-07 17:54:51','2023-06-10 18:10:34'),(963,1,7,2020,2,0.28,1.3239683557264,'2023-06-07 17:54:51','2023-06-10 18:10:34'),(964,1,7,2020,3,0.1,0.076974904402701,'2023-06-07 17:54:51','2023-06-10 18:10:34'),(965,1,7,2020,4,0.08,-0.06157992352216,'2023-06-07 17:54:51','2023-06-10 18:10:34'),(966,1,7,2020,5,0.07,-0.13085733748459,'2023-06-07 17:54:51','2023-06-10 18:10:34'),(967,1,7,2020,6,0.18,0.63119421610214,'2023-06-07 17:54:51','2023-06-10 18:10:34'),(968,1,7,2020,7,-0.1,-1.3085733748459,'2023-06-07 17:54:51','2023-06-10 18:10:34'),(969,1,7,2020,8,-0.05,-0.96218630503376,'2023-06-07 17:54:51','2023-06-10 18:10:34'),(970,1,7,2020,9,-0.05,-0.96218630503376,'2023-06-07 17:54:51','2023-06-10 18:10:34'),(971,1,7,2020,10,0.07,-0.13085733748459,'2023-06-07 17:54:51','2023-06-10 18:10:34'),(972,1,7,2020,11,0.28,1.3239683557264,'2023-06-07 17:54:51','2023-06-10 18:10:34'),(973,1,7,2020,12,0.45,2.5016843930878,'2023-06-07 17:54:51','2023-06-10 18:10:34'),(974,1,7,2021,1,0.26,1.1854135278016,'2023-06-07 17:54:51','2023-06-10 18:10:34'),(975,1,7,2021,2,0.1,0.076974904402701,'2023-06-07 17:54:51','2023-06-10 18:10:34'),(976,1,7,2021,3,0.08,-0.06157992352216,'2023-06-07 17:54:51','2023-06-10 18:10:34'),(977,1,7,2021,4,0.13,0.28480714628999,'2023-06-07 17:54:51','2023-06-10 18:10:34'),(978,1,7,2021,5,0.32,1.6010780115762,'2023-06-07 17:54:51','2023-06-10 18:10:34'),(979,1,7,2021,6,-0.16,-1.7242378586205,'2023-06-07 17:54:51','2023-06-10 18:10:34'),(980,1,7,2021,7,0.08,-0.06157992352216,'2023-06-07 17:54:51','2023-06-10 18:10:34'),(981,1,7,2021,8,0.03,-0.40796699333431,'2023-06-07 17:54:51','2023-06-10 18:10:34'),(982,1,7,2021,9,-0.04,-0.89290889107133,'2023-06-07 17:54:51','2023-06-10 18:10:34'),(984,1,8,2010,1,9275.45,-42.778062669984,'2023-06-07 17:54:51','2023-06-10 18:02:24'),(985,1,8,2010,2,9348.21,-42.019904031156,'2023-06-07 17:54:51','2023-06-10 18:02:24'),(986,1,8,2010,3,9173.73,-43.837984285454,'2023-06-07 17:54:51','2023-06-10 18:02:24'),(987,1,8,2010,4,9027.33,-45.363471156323,'2023-06-07 17:54:51','2023-06-10 18:02:24'),(988,1,8,2010,5,9183.21,-43.73920275857,'2023-06-07 17:54:51','2023-06-10 18:02:24'),(989,1,8,2010,6,9148.36,-44.102339489784,'2023-06-07 17:54:51','2023-06-10 18:02:24'),(990,1,8,2010,7,9049.45,-45.132980926927,'2023-06-07 17:54:51','2023-06-10 18:02:24'),(991,1,8,2010,8,8971.76,-45.942510127732,'2023-06-07 17:54:51','2023-06-10 18:02:24'),(992,1,8,2010,9,8975.84,-45.899996559199,'2023-06-07 17:54:51','2023-06-10 18:02:24'),(993,1,8,2010,10,8927.9,-46.399530989455,'2023-06-07 17:54:51','2023-06-10 18:02:24'),(994,1,8,2010,11,8938.38,-46.290329470284,'2023-06-07 17:54:51','2023-06-10 18:02:24'),(995,1,8,2010,12,9022.62,-45.412549319997,'2023-06-07 17:54:51','2023-06-10 18:02:24'),(996,1,8,2011,1,9037.38,-45.258750233835,'2023-06-07 17:54:51','2023-06-10 18:02:24'),(997,1,8,2011,2,8912.56,-46.559373671143,'2023-06-07 17:54:51','2023-06-10 18:02:24'),(998,1,8,2011,3,8761.48,-48.133626105917,'2023-06-07 17:54:51','2023-06-10 18:02:24'),(999,1,8,2011,4,8651.3,-49.281700856139,'2023-06-07 17:54:51','2023-06-10 18:02:24'),(1000,1,8,2011,5,8555.8,-50.276810119581,'2023-06-07 17:54:51','2023-06-10 18:02:24'),(1001,1,8,2011,6,8564,-50.191366182825,'2023-06-07 17:54:51','2023-06-10 18:02:24'),(1002,1,8,2011,7,8533.24,-50.511885145584,'2023-06-07 17:54:51','2023-06-10 18:02:24'),(1003,1,8,2011,8,8532,-50.524805936021,'2023-06-07 17:54:51','2023-06-10 18:02:24'),(1004,1,8,2011,9,8765.5,-48.091737736922,'2023-06-07 17:54:51','2023-06-10 18:02:24'),(1005,1,8,2011,10,8895.24,-46.73984793756,'2023-06-07 17:54:51','2023-06-10 18:02:24'),(1006,1,8,2011,11,9015.18,-45.490074062615,'2023-06-07 17:54:51','2023-06-10 18:02:24'),(1007,1,8,2011,12,9088.48,-44.726288627951,'2023-06-07 17:54:51','2023-06-10 18:02:24'),(1008,1,8,2012,1,9109.14,-44.511011587294,'2023-06-07 17:54:51','2023-06-10 18:02:24'),(1009,1,8,2012,2,9025.76,-45.379830544214,'2023-06-07 17:54:51','2023-06-10 18:02:24'),(1010,1,8,2012,3,9165.33,-43.925512220668,'2023-06-07 17:54:51','2023-06-10 18:02:24'),(1011,1,8,2012,4,9175.5,-43.819540899105,'2023-06-07 17:54:51','2023-06-10 18:02:24'),(1012,1,8,2012,5,9290.24,-42.623950984054,'2023-06-07 17:54:51','2023-06-10 18:02:24'),(1013,1,8,2012,6,9451.14,-40.947374225018,'2023-06-07 17:54:51','2023-06-10 18:02:24'),(1014,1,8,2012,7,9456.59,-40.890585267052,'2023-06-07 17:54:51','2023-06-10 18:02:24'),(1015,1,8,2012,8,9499.84,-40.439920600623,'2023-06-07 17:54:51','2023-06-10 18:02:24'),(1016,1,8,2012,9,9566.35,-39.746886913591,'2023-06-07 17:54:51','2023-06-10 18:02:24'),(1017,1,8,2012,10,9597.14,-39.426055351063,'2023-06-07 17:54:51','2023-06-10 18:02:24'),(1018,1,8,2012,11,9627.95,-39.10501538869,'2023-06-07 17:54:51','2023-06-10 18:02:24'),(1019,1,8,2012,12,9645.89,-38.918080727055,'2023-06-07 17:54:51','2023-06-10 18:02:24'),(1020,1,8,2013,1,9687.33,-38.486276246667,'2023-06-07 17:54:51','2023-06-10 18:02:24'),(1021,1,8,2013,2,9686.65,-38.493361841422,'2023-06-07 17:54:51','2023-06-10 18:02:24'),(1022,1,8,2013,3,9709.42,-38.256098617039,'2023-06-07 17:54:51','2023-06-10 18:02:24'),(1023,1,8,2013,4,9724.05,-38.103654129875,'2023-06-07 17:54:51','2023-06-10 18:02:24'),(1024,1,8,2013,5,9760.91,-37.719573214163,'2023-06-07 17:54:51','2023-06-10 18:02:24'),(1025,1,8,2013,6,9881.53,-36.462713744461,'2023-06-07 17:54:51','2023-06-10 18:02:24'),(1026,1,8,2013,7,10073.39,-34.463534024209,'2023-06-07 17:54:51','2023-06-10 18:02:24'),(1027,1,8,2013,8,10572.5,-29.262811673665,'2023-06-07 17:54:51','2023-06-10 18:02:24'),(1028,1,8,2013,9,11346.24,-21.200446841245,'2023-06-07 17:54:51','2023-06-10 18:02:24'),(1029,1,8,2013,10,11366.9,-20.985169800588,'2023-06-07 17:54:51','2023-06-10 18:02:24'),(1030,1,8,2013,11,11613.1,-18.41976769944,'2023-06-07 17:54:51','2023-06-10 18:02:24'),(1031,1,8,2013,12,12087.1,-13.480691355232,'2023-06-07 17:54:51','2023-06-10 18:02:24'),(1032,1,8,2014,1,12179.65,-12.516321069037,'2023-06-07 17:54:51','2023-06-10 18:02:24'),(1033,1,8,2014,2,11935.1,-15.064530182911,'2023-06-07 17:54:51','2023-06-10 18:02:24'),(1034,1,8,2014,3,11427.05,-20.358407264503,'2023-06-07 17:54:51','2023-06-10 18:02:24'),(1035,1,8,2014,4,11435.75,-20.267753331603,'2023-06-07 17:54:51','2023-06-10 18:02:24'),(1036,1,8,2014,5,11525.94,-19.327974227206,'2023-06-07 17:54:51','2023-06-10 18:02:24'),(1037,1,8,2014,6,11892.62,-15.507171455278,'2023-06-07 17:54:51','2023-06-10 18:02:24'),(1038,1,8,2014,7,11689.06,-17.628265085292,'2023-06-07 17:54:51','2023-06-10 18:02:24'),(1039,1,8,2014,8,11706.67,-17.444769021112,'2023-06-07 17:54:51','2023-06-10 18:02:24'),(1040,1,8,2014,9,11890.77,-15.526448441009,'2023-06-07 17:54:51','2023-06-10 18:02:24'),(1041,1,8,2014,10,12144.87,-12.878728400791,'2023-06-07 17:54:51','2023-06-10 18:02:24'),(1042,1,8,2014,11,12158.3,-12.738787904372,'2023-06-07 17:54:51','2023-06-10 18:02:24'),(1043,1,8,2014,12,12438.29,-9.8212942638346,'2023-06-07 17:54:51','2023-06-10 18:02:24'),(1044,1,8,2015,1,12579.1,-8.3540551498516,'2023-06-07 17:54:51','2023-06-10 18:02:24'),(1045,1,8,2015,2,12749.84,-6.574945666708,'2023-06-07 17:54:51','2023-06-10 18:02:24'),(1046,1,8,2015,3,13066.82,-3.2720165114611,'2023-06-07 17:54:51','2023-06-10 18:02:24'),(1047,1,8,2015,4,12947.76,-4.512620793194,'2023-06-07 17:54:51','2023-06-10 18:02:24'),(1048,1,8,2015,5,13140.53,-2.5039588799599,'2023-06-07 17:54:51','2023-06-10 18:02:24'),(1049,1,8,2015,6,13313.24,-0.70432201201022,'2023-06-07 17:54:51','2023-06-10 18:02:24'),(1050,1,8,2015,7,13374.79,-0.062971486723286,'2023-06-07 17:54:51','2023-06-10 18:02:24'),(1051,1,8,2015,8,13781.75,4.1775485745401,'2023-06-07 17:54:51','2023-06-10 18:02:24'),(1052,1,8,2015,9,14396.1,10.579070836279,'2023-06-07 17:54:51','2023-06-10 18:02:24'),(1053,1,8,2015,10,13795.86,4.3245746657148,'2023-06-07 17:54:51','2023-06-10 18:02:24'),(1054,1,8,2015,11,13672.57,3.0398938166063,'2023-06-07 17:54:51','2023-06-10 18:02:24'),(1055,1,8,2015,12,13854.6,4.9366450126742,'2023-06-07 17:54:51','2023-06-10 18:02:24'),(1056,1,8,2016,1,13889.05,5.2956137469737,'2023-06-07 17:54:51','2023-06-10 18:02:24'),(1057,1,8,2016,2,13515.7,1.4053096264884,'2023-06-07 17:54:51','2023-06-10 18:02:24'),(1058,1,8,2016,3,13193.14,-1.955763085722,'2023-06-07 17:54:51','2023-06-10 18:02:24'),(1059,1,8,2016,4,13179.86,-2.0941405832981,'2023-06-07 17:54:51','2023-06-10 18:02:24'),(1060,1,8,2016,5,13419.65,0.40446936728761,'2023-06-07 17:54:51','2023-06-10 18:02:24'),(1061,1,8,2016,6,13355.05,-0.26866213447576,'2023-06-07 17:54:51','2023-06-10 18:02:24'),(1062,1,8,2016,7,13118.82,-2.7301769125185,'2023-06-07 17:54:51','2023-06-10 18:02:24'),(1063,1,8,2016,8,13165,-2.2489816686883,'2023-06-07 17:54:51','2023-06-10 18:02:24'),(1064,1,8,2016,9,13118.24,-2.7362205080451,'2023-06-07 17:54:51','2023-06-10 18:02:24'),(1065,1,8,2016,10,13017.24,-3.7886397290684,'2023-06-07 17:54:51','2023-06-10 18:02:24'),(1066,1,8,2016,11,13310.5,-0.73287279087758,'2023-06-07 17:54:51','2023-06-10 18:02:24'),(1067,1,8,2016,12,13417.67,0.38383778255864,'2023-06-07 17:54:51','2023-06-10 18:02:24'),(1068,1,8,2017,1,13358.71,-0.23052496270403,'2023-06-07 17:54:51','2023-06-10 18:02:24'),(1069,1,8,2017,2,13340.84,-0.41673022487912,'2023-06-07 17:54:51','2023-06-10 18:02:24'),(1070,1,8,2017,3,13345.5,-0.36817306082003,'2023-06-07 17:54:51','2023-06-10 18:02:24'),(1071,1,8,2017,4,13306.39,-0.77569895917863,'2023-06-07 17:54:51','2023-06-10 18:02:24'),(1072,1,8,2017,5,13323.35,-0.59897588998502,'2023-06-07 17:54:51','2023-06-10 18:02:24'),(1073,1,8,2017,6,13298.25,-0.86051769639772,'2023-06-07 17:54:51','2023-06-10 18:02:24'),(1074,1,8,2017,7,13342.1,-0.40360103459704,'2023-06-07 17:54:51','2023-06-10 18:02:24'),(1075,1,8,2017,8,13341.82,-0.40651863243751,'2023-06-07 17:54:51','2023-06-10 18:02:24'),(1076,1,8,2017,9,13303.47,-0.80612533665772,'2023-06-07 17:54:51','2023-06-10 18:02:24'),(1077,1,8,2017,10,13526,1.5126355470482,'2023-06-07 17:54:51','2023-06-10 18:02:24'),(1078,1,8,2017,11,13527.36,1.526806736559,'2023-06-07 17:54:51','2023-06-10 18:02:24'),(1079,1,8,2017,12,13556.21,1.8274235140493,'2023-06-07 17:54:51','2023-06-10 18:02:24'),(1080,1,8,2018,1,13380.36,-0.0049321296827023,'2023-06-07 17:54:51','2023-06-10 18:02:24'),(1081,1,8,2018,2,13590.05,2.1800360530535,'2023-06-07 17:54:51','2023-06-10 18:02:24'),(1082,1,8,2018,3,13758.29,3.9330955554787,'2023-06-07 17:54:51','2023-06-10 18:02:24'),(1083,1,8,2018,4,13802.95,4.3984524110322,'2023-06-07 17:54:51','2023-06-10 18:02:24'),(1084,1,8,2018,5,14059.7,7.0737854308115,'2023-06-07 17:54:51','2023-06-10 18:02:24'),(1085,1,8,2018,6,14036.14,6.8282904125213,'2023-06-07 17:54:51','2023-06-10 18:02:24'),(1086,1,8,2018,7,14414.5,10.770798694366,'2023-06-07 17:54:51','2023-06-10 18:02:24'),(1087,1,8,2018,8,14559.86,12.285448773257,'2023-06-07 17:54:51','2023-06-10 18:02:24'),(1088,1,8,2018,9,14868.74,15.503975990976,'2023-06-07 17:54:51','2023-06-10 18:02:24'),(1089,1,8,2018,10,15178.87,18.735528199055,'2023-06-07 17:54:51','2023-06-10 18:02:24'),(1090,1,8,2018,11,14696.86,13.712987716625,'2023-06-07 17:54:51','2023-06-10 18:02:24'),(1091,1,8,2018,12,14496.95,11.629927058459,'2023-06-07 17:54:51','2023-06-10 18:02:24'),(1092,1,8,2019,1,14163.14,8.1516294330158,'2023-06-07 17:54:51','2023-06-10 18:02:24'),(1093,1,8,2019,2,14035.21,6.818599819694,'2023-06-07 17:54:51','2023-06-10 18:02:24'),(1094,1,8,2019,3,14211,8.6503302638888,'2023-06-07 17:54:51','2023-06-10 18:02:24'),(1095,1,8,2019,4,14142.58,7.9373943915877,'2023-06-07 17:54:51','2023-06-10 18:02:24'),(1096,1,8,2019,5,14392.81,10.544789061653,'2023-06-07 17:54:51','2023-06-10 18:02:24'),(1097,1,8,2019,6,14226.53,8.8121527441115,'2023-06-07 17:54:51','2023-06-10 18:02:24'),(1098,1,8,2019,7,14043.91,6.9092537525941,'2023-06-07 17:54:51','2023-06-10 18:02:24'),(1099,1,8,2019,8,14242.05,8.9738710244113,'2023-06-07 17:54:51','2023-06-10 18:02:24'),(1100,1,8,2019,9,14111.1,7.6093730343817,'2023-06-07 17:54:51','2023-06-10 18:02:24'),(1101,1,8,2019,10,14117.57,7.6767903844809,'2023-06-07 17:54:51','2023-06-10 18:02:24'),(1102,1,8,2019,11,14068.72,7.1677737612434,'2023-06-07 17:54:51','2023-06-10 18:02:24'),(1103,1,8,2019,12,14017.45,6.6335407566706,'2023-06-07 17:54:51','2023-06-10 18:02:24'),(1104,1,8,2020,1,13732.23,3.6615505564701,'2023-06-07 17:54:51','2023-06-10 18:02:24'),(1105,1,8,2020,2,13776.15,4.1191966177309,'2023-06-07 17:54:51','2023-06-10 18:02:24'),(1106,1,8,2020,3,15194.57,18.899122077966,'2023-06-07 17:54:51','2023-06-10 18:02:24'),(1107,1,8,2020,4,15867.43,25.910318088438,'2023-06-07 17:54:51','2023-06-10 18:02:24'),(1108,1,8,2020,5,14906.19,15.894204702138,'2023-06-07 17:54:51','2023-06-10 18:02:24'),(1109,1,8,2020,6,14195.96,8.4936135798869,'2023-06-07 17:54:51','2023-06-10 18:02:24'),(1110,1,8,2020,7,14582.41,12.520419599337,'2023-06-07 17:54:51','2023-06-10 18:02:24'),(1111,1,8,2020,8,14724.5,14.000996303447,'2023-06-07 17:54:51','2023-06-10 18:02:24'),(1112,1,8,2020,9,14847.96,15.287448551245,'2023-06-07 17:54:51','2023-06-10 18:02:24'),(1113,1,8,2020,10,14749.14,14.257744913408,'2023-06-07 17:54:51','2023-06-10 18:02:24'),(1114,1,8,2020,11,14236.81,8.9192702648255,'2023-06-07 17:54:51','2023-06-10 18:02:24'),(1115,1,8,2020,12,14173.09,8.2553083562751,'2023-06-07 17:54:51','2023-06-10 18:02:24'),(1116,1,8,2021,1,14061.9,7.0967094138436,'2023-06-07 17:54:51','2023-06-10 18:02:24'),(1117,1,8,2021,2,14042.1,6.890393566554,'2023-06-07 17:54:51','2023-06-10 18:02:24'),(1118,1,8,2021,3,14417.39,10.800912472077,'2023-06-07 17:54:51','2023-06-10 18:02:24'),(1119,1,8,2021,4,14558.18,12.267943186214,'2023-06-07 17:54:51','2023-06-10 18:02:24'),(1120,1,8,2021,5,14323.19,9.8193491986076,'2023-06-07 17:54:51','2023-06-10 18:02:24'),(1121,1,8,2021,6,14338.23,9.9760658826094,'2023-06-07 17:54:51','2023-06-10 18:02:24'),(1122,1,8,2021,7,14511.19,11.778307748631,'2023-06-07 17:54:51','2023-06-10 18:02:24'),(1123,1,8,2021,8,14397.7,10.595742823939,'2023-06-07 17:54:51','2023-06-10 18:02:24'),(1124,1,8,2021,9,14256.96,9.1292331094158,'2023-06-07 17:54:51','2023-06-10 18:02:24'),(1127,1,9,2010,1,2.52,0.51987156891693,'2023-06-07 17:54:51','2023-06-10 18:02:24'),(1128,1,9,2010,2,-3.26,-2.2015089609003,'2023-06-07 17:54:51','2023-06-10 18:02:24'),(1129,1,9,2010,3,7.24,2.7421753925739,'2023-06-07 17:54:51','2023-06-10 18:02:24'),(1130,1,9,2010,4,7.02,2.6385934346916,'2023-06-07 17:54:51','2023-06-10 18:02:24'),(1131,1,9,2010,5,-6.36,-3.6610729128784,'2023-06-07 17:54:51','2023-06-10 18:02:24'),(1132,1,9,2010,6,3.52,0.99069865020019,'2023-06-07 17:54:51','2023-06-10 18:02:24'),(1133,1,9,2010,7,5.01,1.6922310013122,'2023-06-07 17:54:51','2023-06-10 18:02:24'),(1134,1,9,2010,8,-1.97,-1.5941420260449,'2023-06-07 17:54:51','2023-06-10 18:02:24'),(1135,1,9,2010,9,11.13,4.5736927387658,'2023-06-07 17:54:51','2023-06-10 18:02:24'),(1136,1,9,2010,10,2.62,0.56695427704526,'2023-06-07 17:54:51','2023-06-10 18:02:24'),(1137,1,9,2010,11,-5.83,-3.4115345597983,'2023-06-07 17:54:51','2023-06-10 18:02:24'),(1138,1,9,2010,12,4.74,1.5651076893658,'2023-06-07 17:54:51','2023-06-10 18:02:24'),(1139,1,9,2011,1,-10.39,-5.5585060504499,'2023-06-07 17:54:51','2023-06-10 18:02:24'),(1140,1,9,2011,2,4.05,1.2402370032803,'2023-06-07 17:54:51','2023-06-10 18:02:24'),(1141,1,9,2011,3,3.63,1.0424896291413,'2023-06-07 17:54:51','2023-06-10 18:02:24'),(1142,1,9,2011,4,2.69,0.59991217273509,'2023-06-07 17:54:51','2023-06-10 18:02:24'),(1143,1,9,2011,5,0.49,-0.43590740608808,'2023-06-07 17:54:51','2023-06-10 18:02:24'),(1144,1,9,2011,6,0.88,-0.25228484438761,'2023-06-07 17:54:51','2023-06-10 18:02:24'),(1145,1,9,2011,7,5.8,2.064184395526,'2023-06-07 17:54:51','2023-06-10 18:02:25'),(1146,1,9,2011,8,-6.69,-3.8164458497019,'2023-06-07 17:54:51','2023-06-10 18:02:25'),(1147,1,9,2011,9,-6.97,-3.9482774324612,'2023-06-07 17:54:51','2023-06-10 18:02:25'),(1148,1,9,2011,10,7.7,2.9587558499642,'2023-06-07 17:54:51','2023-06-10 18:02:25'),(1149,1,9,2011,11,-1.83,-1.5282262346652,'2023-06-07 17:54:51','2023-06-10 18:02:25'),(1150,1,9,2011,12,3.18,0.83061744256388,'2023-06-07 17:54:51','2023-06-10 18:02:25'),(1151,1,9,2012,1,4.75,1.5698159601786,'2023-06-07 17:54:51','2023-06-10 18:02:25'),(1152,1,9,2012,2,0.75,-0.31349236495444,'2023-06-07 17:54:51','2023-06-10 18:02:25'),(1153,1,9,2012,3,3.05,0.76940992199706,'2023-06-07 17:54:51','2023-06-10 18:02:25'),(1154,1,9,2012,4,-1.54,-1.3916863810931,'2023-06-07 17:54:51','2023-06-10 18:02:25'),(1155,1,9,2012,5,-8.7,-4.7628082830812,'2023-06-07 17:54:51','2023-06-10 18:02:25'),(1156,1,9,2012,6,3.64,1.0471978999542,'2023-06-07 17:54:51','2023-06-10 18:02:25'),(1157,1,9,2012,7,5.43,1.8899783754512,'2023-06-07 17:54:51','2023-06-10 18:02:25'),(1158,1,9,2012,8,-0.66,-0.97735854956383,'2023-06-07 17:54:51','2023-06-10 18:02:25'),(1159,1,9,2012,9,5.42,1.8852701046384,'2023-06-07 17:54:51','2023-06-10 18:02:25'),(1160,1,9,2012,10,3.07,0.77882646362272,'2023-06-07 17:54:51','2023-06-10 18:02:25'),(1161,1,9,2012,11,-4.92,-2.9830819158305,'2023-06-07 17:54:51','2023-06-10 18:02:25'),(1162,1,9,2012,12,1.02,-0.18636905300796,'2023-06-07 17:54:51','2023-06-10 18:02:25'),(1163,1,9,2013,1,1.65,0.1102520082005,'2023-06-07 17:54:51','2023-06-10 18:02:25'),(1164,1,9,2013,2,6.72,2.4973453103066,'2023-06-07 17:54:51','2023-06-10 18:02:25'),(1165,1,9,2013,3,2.34,0.43512269428595,'2023-06-07 17:54:51','2023-06-10 18:02:25'),(1166,1,9,2013,4,3.39,0.92949112963337,'2023-06-07 17:54:51','2023-06-10 18:02:25'),(1167,1,9,2013,5,-0.89,-1.085648778259,'2023-06-07 17:54:51','2023-06-10 18:02:25'),(1168,1,9,2013,6,-2.43,-1.8107224834352,'2023-06-07 17:54:51','2023-06-10 18:02:25'),(1169,1,9,2013,7,-5.52,-3.2655781646005,'2023-06-07 17:54:51','2023-06-10 18:02:25'),(1170,1,9,2013,8,-5.09,-3.0631225196487,'2023-06-07 17:54:51','2023-06-10 18:02:25'),(1171,1,9,2013,9,-1.08,-1.1751059237028,'2023-06-07 17:54:51','2023-06-10 18:02:25'),(1172,1,9,2013,10,5.14,1.7534385218791,'2023-06-07 17:54:51','2023-06-10 18:02:25'),(1173,1,9,2013,11,-5.82,-3.4068262889854,'2023-06-07 17:54:51','2023-06-10 18:02:25'),(1174,1,9,2013,12,0.9,-0.24286830276195,'2023-06-07 17:54:51','2023-06-10 18:02:25'),(1175,1,9,2014,1,3.04,0.76470165118423,'2023-06-07 17:54:51','2023-06-10 18:02:25'),(1176,1,9,2014,2,3.98,1.2072791075905,'2023-06-07 17:54:51','2023-06-10 18:02:25'),(1177,1,9,2014,3,2.16,0.35037381965496,'2023-06-07 17:54:51','2023-06-10 18:02:25'),(1178,1,9,2014,4,1.13,-0.1345780740668,'2023-06-07 17:54:51','2023-06-10 18:02:25'),(1179,1,9,2014,5,1.41,-0.0027464913074855,'2023-06-07 17:54:51','2023-06-10 18:02:25'),(1180,1,9,2014,6,-0.28,-0.79844425867619,'2023-06-07 17:54:51','2023-06-10 18:02:25'),(1181,1,9,2014,7,5.4,1.8758535630127,'2023-06-07 17:54:51','2023-06-10 18:02:25'),(1182,1,9,2014,8,0.11,-0.61482169697572,'2023-06-07 17:54:51','2023-06-10 18:02:25'),(1183,1,9,2014,9,-0.51,-0.90673448737134,'2023-06-07 17:54:51','2023-06-10 18:02:25'),(1184,1,9,2014,10,-2.5,-1.843680379125,'2023-06-07 17:54:51','2023-06-10 18:02:25'),(1185,1,9,2014,11,1.88,0.21854223689565,'2023-06-07 17:54:51','2023-06-10 18:02:25'),(1186,1,9,2014,12,1.17,-0.11574499081547,'2023-06-07 17:54:51','2023-06-10 18:02:25'),(1187,1,9,2015,1,2.26,0.39745652778328,'2023-06-07 17:54:51','2023-06-10 18:02:25'),(1188,1,9,2015,2,2.18,0.35979036128062,'2023-06-07 17:54:51','2023-06-10 18:02:25'),(1189,1,9,2015,3,0.85,-0.26640965682611,'2023-06-07 17:54:51','2023-06-10 18:02:25'),(1190,1,9,2015,4,-8.71,-4.7675165538941,'2023-06-07 17:54:51','2023-06-10 18:02:25'),(1191,1,9,2015,5,5,1.6875227304994,'2023-06-07 17:54:51','2023-06-10 18:02:25'),(1192,1,9,2015,6,-5.88,-3.4350759138624,'2023-06-07 17:54:51','2023-06-10 18:02:25'),(1193,1,9,2015,7,-2.29,-1.7448066920555,'2023-06-07 17:54:51','2023-06-10 18:02:25'),(1194,1,9,2015,8,-6.81,-3.8729450994559,'2023-06-07 17:54:51','2023-06-10 18:02:25'),(1195,1,9,2015,9,-7.05,-3.9859435989639,'2023-06-07 17:54:51','2023-06-10 18:02:25'),(1196,1,9,2015,10,5.4,1.8758535630127,'2023-06-07 17:54:51','2023-06-10 18:02:25'),(1197,1,9,2015,11,-1.07,-1.17039765289,'2023-06-07 17:54:51','2023-06-10 18:02:25'),(1198,1,9,2015,12,4.06,1.2449452740932,'2023-06-07 17:54:51','2023-06-10 18:02:25'),(1199,1,9,2016,1,1.56,0.067877570885003,'2023-06-07 17:54:51','2023-06-10 18:02:25'),(1200,1,9,2016,2,4.75,1.5698159601786,'2023-06-07 17:54:51','2023-06-10 18:02:25'),(1201,1,9,2016,3,1.69,0.12908509145183,'2023-06-07 17:54:51','2023-06-10 18:02:25'),(1202,1,9,2016,4,0.09,-0.62423823860139,'2023-06-07 17:54:51','2023-06-10 18:02:25'),(1203,1,9,2016,5,-0.67,-0.98206682037666,'2023-06-07 17:54:51','2023-06-10 18:02:25'),(1204,1,9,2016,6,7.01,2.6338851638788,'2023-06-07 17:54:51','2023-06-10 18:02:25'),(1205,1,9,2016,7,4.65,1.5227332520503,'2023-06-07 17:54:51','2023-06-10 18:02:25'),(1206,1,9,2016,8,2.79,0.64699488086341,'2023-06-07 17:54:51','2023-06-10 18:02:25'),(1207,1,9,2016,9,-0.96,-1.1186066739488,'2023-06-07 17:54:51','2023-06-10 18:02:25'),(1208,1,9,2016,10,0.03,-0.65248786347838,'2023-06-07 17:54:51','2023-06-10 18:02:25'),(1209,1,9,2016,11,-7.73,-4.3061060142365,'2023-06-07 17:54:51','2023-06-10 18:02:25'),(1210,1,9,2016,12,1.67,0.11966854982616,'2023-06-07 17:54:51','2023-06-10 18:02:25'),(1211,1,9,2017,1,-0.69,-0.99148336200233,'2023-06-07 17:54:51','2023-06-10 18:02:25'),(1212,1,9,2017,2,1.27,-0.068662282687142,'2023-06-07 17:54:51','2023-06-10 18:02:25'),(1213,1,9,2017,3,2.9,0.69878585980457,'2023-06-07 17:54:51','2023-06-10 18:02:25'),(1214,1,9,2017,4,2.76,0.63287006842491,'2023-06-07 17:54:51','2023-06-10 18:02:25'),(1215,1,9,2017,5,-0.61,-0.95381719549967,'2023-06-07 17:54:51','2023-06-10 18:02:25'),(1216,1,9,2017,6,2.17,0.35508209046779,'2023-06-07 17:54:51','2023-06-10 18:02:25'),(1217,1,9,2017,7,-0.16,-0.7419450089222,'2023-06-07 17:54:51','2023-06-10 18:02:25'),(1218,1,9,2017,8,-0.28,-0.79844425867619,'2023-06-07 17:54:51','2023-06-10 18:02:25'),(1219,1,9,2017,9,-1.74,-1.4858517973498,'2023-06-07 17:54:51','2023-06-10 18:02:25'),(1220,1,9,2017,10,-0.63,-0.96323373712533,'2023-06-07 17:54:51','2023-06-10 18:02:25'),(1221,1,9,2017,11,-2.06,-1.6365164633604,'2023-06-07 17:54:51','2023-06-10 18:02:25'),(1222,1,9,2017,12,6.36,2.3278475610446,'2023-06-07 17:54:51','2023-06-10 18:02:25'),(1223,1,9,2018,1,3.69,1.0707392540183,'2023-06-07 17:54:51','2023-06-10 18:02:25'),(1224,1,9,2018,2,-1.94,-1.5800172136064,'2023-06-07 17:54:51','2023-06-10 18:02:25'),(1225,1,9,2018,3,-8.75,-4.7863496371454,'2023-06-07 17:54:51','2023-06-10 18:02:25'),(1226,1,9,2018,4,-1.57,-1.4058111935316,'2023-06-07 17:54:51','2023-06-10 18:02:25'),(1227,1,9,2018,5,-2.56,-1.871930004002,'2023-06-07 17:54:51','2023-06-10 18:02:25'),(1228,1,9,2018,6,-3.07,-2.1120518154565,'2023-06-07 17:54:51','2023-06-10 18:02:25'),(1229,1,9,2018,7,0.04,-0.64777959266555,'2023-06-07 17:54:51','2023-06-10 18:02:25'),(1230,1,9,2018,8,0.74,-0.31820063576727,'2023-06-07 17:54:51','2023-06-10 18:02:25'),(1231,1,9,2018,9,0.76,-0.3087840941416,'2023-06-07 17:54:51','2023-06-10 18:02:25'),(1232,1,9,2018,10,-2.05,-1.6318081925476,'2023-06-07 17:54:51','2023-06-10 18:02:25'),(1233,1,9,2018,11,1.74,0.15262644551599,'2023-06-07 17:54:51','2023-06-10 18:02:25'),(1234,1,9,2018,12,3.42,0.94361594207186,'2023-06-07 17:54:51','2023-06-10 18:02:25'),(1235,1,9,2019,1,6.1,2.205432519911,'2023-06-07 17:54:51','2023-06-10 18:02:25'),(1236,1,9,2019,2,-3.95,-2.5263796469858,'2023-06-07 17:54:51','2023-06-10 18:02:25'),(1237,1,9,2019,3,0.91,-0.23816003194911,'2023-06-07 17:54:51','2023-06-10 18:02:25'),(1238,1,9,2019,4,-1.81,-1.5188096930396,'2023-06-07 17:54:51','2023-06-10 18:02:25'),(1239,1,9,2019,5,-4.46,-2.7665014584402,'2023-06-07 17:54:51','2023-06-10 18:02:25'),(1240,1,9,2019,6,3.27,0.87299187987938,'2023-06-07 17:54:51','2023-06-10 18:02:25'),(1241,1,9,2019,7,0.76,-0.3087840941416,'2023-06-07 17:54:51','2023-06-10 18:02:25'),(1242,1,9,2019,8,2.15,0.34566554884213,'2023-06-07 17:54:51','2023-06-10 18:02:25'),(1243,1,9,2019,9,-2.37,-1.7824728585582,'2023-06-07 17:54:51','2023-06-10 18:02:25'),(1244,1,9,2019,10,0.15,-0.59598861372439,'2023-06-07 17:54:51','2023-06-10 18:02:25'),(1245,1,9,2019,11,-2.84,-2.0037615867613,'2023-06-07 17:54:51','2023-06-10 18:02:25'),(1246,1,9,2019,12,4.59,1.4944836271733,'2023-06-07 17:54:51','2023-06-10 18:02:25'),(1247,1,9,2020,1,-7.92,-4.3955631596803,'2023-06-07 17:54:51','2023-06-10 18:02:25'),(1248,1,9,2020,2,-12.1,-6.3636203594443,'2023-06-07 17:54:51','2023-06-10 18:02:25'),(1249,1,9,2020,3,-15.68,-8.0491813104384,'2023-06-07 17:54:51','2023-06-10 18:02:25'),(1250,1,9,2020,4,13.88,5.8684672122948,'2023-06-07 17:54:51','2023-06-10 18:02:25'),(1251,1,9,2020,5,-2.49,-1.8389721083122,'2023-06-07 17:54:51','2023-06-10 18:02:25'),(1252,1,9,2020,6,0.91,-0.23816003194911,'2023-06-07 17:54:51','2023-06-10 18:02:25'),(1253,1,9,2020,7,4.09,1.2590700865316,'2023-06-07 17:54:51','2023-06-10 18:02:25'),(1254,1,9,2020,8,0.19,-0.57715553047306,'2023-06-07 17:54:51','2023-06-10 18:02:25'),(1255,1,9,2020,9,-6.78,-3.8588202870174,'2023-06-07 17:54:51','2023-06-10 18:02:25'),(1256,1,9,2020,10,5.16,1.7628550635047,'2023-06-07 17:54:51','2023-06-10 18:02:25'),(1257,1,9,2020,11,9.56,3.8344942211511,'2023-06-07 17:54:51','2023-06-10 18:02:25'),(1258,1,9,2020,12,5.46,1.9041031878897,'2023-06-07 17:54:51','2023-06-10 18:02:25'),(1259,1,9,2021,1,-4.55,-2.8088758957557,'2023-06-07 17:54:51','2023-06-10 18:02:25'),(1260,1,9,2021,2,4.94,1.6592731056224,'2023-06-07 17:54:51','2023-06-10 18:02:25'),(1261,1,9,2021,3,-4.08,-2.5875871675526,'2023-06-07 17:54:51','2023-06-10 18:02:25'),(1262,1,9,2021,4,-3.34,-2.239175127403,'2023-06-07 17:54:51','2023-06-10 18:02:25'),(1263,1,9,2021,5,-3.04,-2.097927003018,'2023-06-07 17:54:51','2023-06-10 18:02:25'),(1264,1,9,2021,6,-4.11,-2.6017119799911,'2023-06-07 17:54:51','2023-06-10 18:02:25'),(1265,1,9,2021,7,-2.12,-1.6647660882374,'2023-06-07 17:54:51','2023-06-10 18:02:25'),(1266,1,9,2021,8,1.48,0.030211404382343,'2023-06-07 17:54:51','2023-06-10 18:02:25'),(1267,1,9,2021,9,2.19,0.36449863209346,'2023-06-07 17:54:51','2023-06-10 18:02:25'),(1270,1,10,2010,1,0,1.1026916238732,'2023-06-11 03:57:40','2023-07-10 12:26:13'),(1271,1,10,2010,2,0,6296.810446707,'2023-06-11 03:57:40','2023-07-10 12:26:13'),(1272,1,10,2010,3,0,12.008819653366,'2023-06-11 03:57:40','2023-07-10 12:26:13'),(1273,1,10,2010,4,0,522.66759230221,'2023-06-11 03:57:40','2023-07-10 12:26:13'),(1274,1,10,2010,5,0,19.706132890118,'2023-06-11 03:57:40','2023-07-10 12:26:13'),(1275,1,10,2010,6,0,24.838429036927,'2023-06-11 03:57:40','2023-07-10 12:26:13'),(1276,1,10,2010,7,0,26.122486647153,'2023-06-11 03:57:40','2023-07-10 12:26:13'),(1277,1,10,2010,8,0,25.553252440783,'2023-06-11 03:57:40','2023-07-10 12:26:13'),(1278,1,10,2010,9,0,14.60746258107,'2023-06-11 03:57:40','2023-07-10 12:26:13'),(1279,1,10,2010,10,0,12.585833741433,'2023-06-11 03:57:40','2023-07-10 12:26:13'),(1280,1,10,2010,11,0,12.680525674816,'2023-06-11 03:57:40','2023-07-10 12:26:13'),(1281,1,10,2010,12,0,18.722964998701,'2023-06-11 03:57:40','2023-07-10 12:26:13'),(1282,1,10,2011,1,0,20.411942747943,'2023-06-11 03:57:40','2023-07-10 12:26:13'),(1283,1,10,2011,2,0,19.86360262449,'2023-06-11 03:57:40','2023-07-10 12:26:13'),(1284,1,10,2011,3,0,18.840290255092,'2023-06-11 03:57:40','2023-07-10 12:26:13'),(1285,1,10,2011,4,0,16.867470658775,'2023-06-11 03:57:40','2023-07-10 12:26:13'),(1286,1,10,2011,5,0,15.251878275274,'2023-06-11 03:57:40','2023-07-10 12:26:13'),(1287,1,10,2011,6,0,13.518030979247,'2023-06-11 03:57:40','2023-07-10 12:26:13'),(1288,1,10,2011,7,0,10.904358926888,'2023-06-11 03:57:40','2023-07-10 12:26:13'),(1289,1,10,2011,8,0,9.5027058269207,'2023-06-11 03:57:40','2023-07-10 12:26:13'),(1290,1,10,2011,9,0,8.5523186538296,'2023-06-11 03:57:40','2023-07-10 12:26:13'),(1291,1,10,2011,10,0,7.8950620344389,'2023-06-11 03:57:40','2023-07-10 12:26:13'),(1292,1,10,2011,11,0,7.9676442209294,'2023-06-11 03:57:40','2023-07-10 12:26:13'),(1293,1,10,2011,12,0,8.6100321238335,'2023-06-11 03:57:40','2023-07-10 12:26:13'),(1294,1,10,2012,1,0,10.804520217305,'2023-06-11 03:57:40','2023-07-10 12:26:13'),(1295,1,10,2012,2,0,11.8483589987,'2023-06-11 03:57:40','2023-07-10 12:26:13'),(1296,1,10,2012,3,0,12.728349779685,'2023-06-11 03:57:40','2023-07-10 12:26:13'),(1297,1,10,2012,4,0,14.391867132834,'2023-06-11 03:57:40','2023-07-10 12:26:13'),(1298,1,10,2012,5,0,14.225862751161,'2023-06-11 03:57:40','2023-07-10 12:26:13'),(1299,1,10,2012,6,0,13.182239167063,'2023-06-11 03:57:40','2023-07-10 12:26:13'),(1300,1,10,2012,7,0,9.4517457632915,'2023-06-11 03:57:40','2023-07-10 12:26:13'),(1301,1,10,2012,8,0,8.0028932073058,'2023-06-11 03:57:40','2023-07-10 12:26:13'),(1302,1,10,2012,9,0,7.0274915070477,'2023-06-11 03:57:40','2023-07-10 12:26:13'),(1303,1,10,2012,10,0,7.9862601524515,'2023-06-11 03:57:40','2023-07-10 12:26:13'),(1304,1,10,2012,11,0,6.8694075545948,'2023-06-11 03:57:40','2023-07-10 12:26:13'),(1305,1,10,2012,12,0,5.1357322922036,'2023-06-11 03:57:41','2023-07-10 12:26:13'),(1306,1,10,2013,1,0,0.75664115087981,'2023-06-11 03:57:41','2023-07-10 12:26:13'),(1307,1,10,2013,2,0,-0.69328598852987,'2023-06-11 03:57:41','2023-07-10 12:26:13'),(1308,1,10,2013,3,0,-1.2399027236569,'2023-06-11 03:57:41','2023-07-10 12:26:13'),(1309,1,10,2013,4,0,0.69951729258397,'2023-06-11 03:57:41','2023-07-10 12:26:13'),(1310,1,10,2013,5,0,0.77106332229004,'2023-06-11 03:57:41','2023-07-10 12:26:13'),(1311,1,10,2013,6,0,0.55955731094115,'2023-06-11 03:57:41','2023-07-10 12:26:13'),(1312,1,10,2013,7,0,-0.72671036741069,'2023-06-11 03:57:41','2023-07-10 12:26:13'),(1313,1,10,2013,8,0,-0.91785878266293,'2023-06-11 03:57:41','2023-07-10 12:26:13'),(1314,1,10,2013,9,0,-0.79745169474298,'2023-06-11 03:57:41','2023-07-10 12:26:13'),(1315,1,10,2013,10,0,1.6905077824668,'2023-06-11 03:57:41','2023-07-10 12:26:13'),(1316,1,10,2013,11,0,0.88386378327304,'2023-06-11 03:57:41','2023-07-10 12:26:13'),(1317,1,10,2013,12,0,-1.156418025556,'2023-06-11 03:57:41','2023-07-10 12:26:13'),(1318,1,10,2014,1,0,-6.9687697728671,'2023-06-11 03:57:41','2023-07-10 12:26:13'),(1319,1,10,2014,2,0,-9.5852193156053,'2023-06-11 03:57:41','2023-07-10 12:26:13'),(1320,1,10,2014,3,0,-11.536632022466,'2023-06-11 03:57:41','2023-07-10 12:26:13'),(1321,1,10,2014,4,0,-12.471406256719,'2023-06-11 03:57:41','2023-07-10 12:26:13'),(1322,1,10,2014,5,0,-13.349841738075,'2023-06-11 03:57:41','2023-07-10 12:26:13'),(1323,1,10,2014,6,0,-13.822775088735,'2023-06-11 03:57:41','2023-07-10 12:26:13'),(1324,1,10,2014,7,0,-13.767440787652,'2023-06-11 03:57:41','2023-07-10 12:26:13'),(1325,1,10,2014,8,0,-13.530600417062,'2023-06-11 03:57:41','2023-07-10 12:26:13'),(1326,1,10,2014,9,0,-12.983431426628,'2023-06-11 03:57:41','2023-07-10 12:26:13'),(1327,1,10,2014,10,0,-10.637299789601,'2023-06-11 03:57:41','2023-07-10 12:26:13'),(1328,1,10,2014,11,0,-10.587915070414,'2023-06-11 03:57:41','2023-07-10 12:26:13'),(1329,1,10,2014,12,0,-11.345243550192,'2023-06-11 03:57:41','2023-07-10 12:26:13'),(1330,1,10,2015,1,0,-14.406385247549,'2023-06-11 03:57:41','2023-07-10 12:26:13'),(1331,1,10,2015,2,0,-15.665105315584,'2023-06-11 03:57:41','2023-07-10 12:26:13'),(1332,1,10,2015,3,0,-16.613068217157,'2023-06-11 03:57:41','2023-07-10 12:26:13'),(1333,1,10,2015,4,0,-17.255032157777,'2023-06-11 03:57:41','2023-07-10 12:26:13'),(1334,1,10,2015,5,0,-17.586316089878,'2023-06-11 03:57:41','2023-07-10 12:26:13'),(1335,1,10,2015,6,0,-17.609195757235,'2023-06-11 03:57:41','2023-07-10 12:26:13'),(1336,1,10,2015,7,0,-17.956686788419,'2023-06-11 03:57:41','2023-07-10 12:26:13'),(1337,1,10,2015,8,0,-16.886281260861,'2023-06-11 03:57:41','2023-07-10 12:26:13'),(1338,1,10,2015,9,0,-15.030395450874,'2023-06-11 03:57:41','2023-07-10 12:26:13'),(1339,1,10,2015,10,0,-9.5127211391359,'2023-06-11 03:57:41','2023-07-10 12:26:13'),(1340,1,10,2015,11,0,-8.2535967839059,'2023-06-11 03:57:41','2023-07-10 12:26:13'),(1341,1,10,2015,12,0,-8.370158917083,'2023-06-11 03:57:41','2023-07-10 12:26:13'),(1342,1,10,2016,1,0,-13.226109310795,'2023-06-11 03:57:41','2023-07-10 12:26:13'),(1343,1,10,2016,2,0,-13.58541984934,'2023-06-11 03:57:41','2023-07-10 12:26:13'),(1344,1,10,2016,3,0,-12.802526407884,'2023-06-11 03:57:41','2023-07-10 12:26:13'),(1345,1,10,2016,4,0,-7.9324918362042,'2023-06-11 03:57:41','2023-07-10 12:26:13'),(1346,1,10,2016,5,0,-7.0746859968472,'2023-06-11 03:57:41','2023-07-10 12:26:13'),(1347,1,10,2016,6,0,-7.2880763136794,'2023-06-11 03:57:41','2023-07-10 12:26:13'),(1348,1,10,2016,7,0,-10.283297769584,'2023-06-11 03:57:41','2023-07-10 12:26:13'),(1349,1,10,2016,8,0,-11.353512635096,'2023-06-11 03:57:41','2023-07-10 12:26:13'),(1350,1,10,2016,9,0,-12.208860037231,'2023-06-11 03:57:41','2023-07-10 12:26:13'),(1351,1,10,2016,10,0,-13.072872355866,'2023-06-11 03:57:41','2023-07-10 12:26:13'),(1352,1,10,2016,11,0,-13.332245659185,'2023-06-11 03:57:41','2023-07-10 12:26:13'),(1353,1,10,2016,12,0,-13.212862079404,'2023-06-11 03:57:41','2023-07-10 12:26:13'),(1354,1,10,2017,1,0,-11.984555675507,'2023-06-11 03:57:41','2023-07-10 12:26:13'),(1355,1,10,2017,2,0,-11.653218777006,'2023-06-11 03:57:41','2023-07-10 12:26:13'),(1356,1,10,2017,3,0,-11.487239507498,'2023-06-11 03:57:41','2023-07-10 12:26:13'),(1357,1,10,2017,4,0,-11.867454378768,'2023-06-11 03:57:41','2023-07-10 12:26:13'),(1358,1,10,2017,5,0,-11.748075727045,'2023-06-11 03:57:41','2023-07-10 12:26:13'),(1359,1,10,2017,6,0,-11.510100724191,'2023-06-11 03:57:41','2023-07-10 12:26:13'),(1360,1,10,2017,7,0,-11.249309629402,'2023-06-11 03:57:41','2023-07-10 12:26:13'),(1361,1,10,2017,8,0,-10.703245133442,'2023-06-11 03:57:41','2023-07-10 12:26:13'),(1362,1,10,2017,9,0,-9.9665342373363,'2023-06-11 03:57:41','2023-07-10 12:26:13'),(1363,1,10,2017,10,0,-7.9616205141287,'2023-06-11 03:57:41','2023-07-10 12:26:13'),(1364,1,10,2017,11,0,-7.6523913150294,'2023-06-11 03:57:41','2023-07-10 12:26:13'),(1365,1,10,2017,12,0,-7.9602184015863,'2023-06-11 03:57:41','2023-07-10 12:26:13'),(1366,1,10,2018,1,0,-10.78897142744,'2023-06-11 03:57:41','2023-07-10 12:26:13'),(1367,1,10,2018,2,0,-10.907512423243,'2023-06-11 03:57:41','2023-07-10 12:26:13'),(1368,1,10,2018,3,0,-10.217542390488,'2023-06-11 03:57:41','2023-07-10 12:26:13'),(1369,1,10,2018,4,0,-6.6610496401993,'2023-06-11 03:57:41','2023-07-10 12:26:13'),(1370,1,10,2018,5,0,-5.8991498035857,'2023-06-11 03:57:41','2023-07-10 12:26:13'),(1371,1,10,2018,6,0,-5.8749001640851,'2023-06-11 03:57:41','2023-07-10 12:26:14'),(1372,1,10,2018,7,0,-7.9169583276719,'2023-06-11 03:57:41','2023-07-10 12:26:14'),(1373,1,10,2018,8,0,-8.3682248333426,'2023-06-11 03:57:41','2023-07-10 12:26:14'),(1374,1,10,2018,9,0,-8.5569358490753,'2023-06-11 03:57:41','2023-07-10 12:26:14'),(1375,1,10,2018,10,0,-7.7546029959512,'2023-06-11 03:57:41','2023-07-10 12:26:14'),(1376,1,10,2018,11,0,-7.9709231471753,'2023-06-11 03:57:41','2023-07-10 12:26:14'),(1377,1,10,2018,12,0,-8.4703713035972,'2023-06-11 03:57:42','2023-07-10 12:26:14'),(1378,1,10,2019,1,0,-9.9220222178459,'2023-06-11 03:57:42','2023-07-10 12:26:14'),(1379,1,10,2019,2,0,-10.493750413146,'2023-06-11 03:57:42','2023-07-10 12:26:14'),(1380,1,10,2019,3,0,-10.848927191561,'2023-06-11 03:57:42','2023-07-10 12:26:14'),(1381,1,10,2019,4,0,-10.674503628299,'2023-06-11 03:57:42','2023-07-10 12:26:14'),(1382,1,10,2019,5,0,-10.839121074652,'2023-06-11 03:57:42','2023-07-10 12:26:14'),(1383,1,10,2019,6,0,-11.030225816562,'2023-06-11 03:57:42','2023-07-10 12:26:14'),(1384,1,10,2019,7,0,-11.213809026328,'2023-06-11 03:57:42','2023-07-10 12:26:14'),(1385,1,10,2019,8,0,-11.474461550326,'2023-06-11 03:57:42','2023-07-10 12:26:14'),(1386,1,10,2019,9,0,-11.784758448673,'2023-06-11 03:57:42','2023-07-10 12:26:14'),(1387,1,10,2019,10,0,-6.025852458226,'2023-06-11 03:57:42','2023-07-10 12:26:14'),(1388,1,10,2019,11,0,-11.01594797071,'2023-06-11 03:57:42','2023-07-10 12:26:14'),(1389,1,10,2019,12,0,-20.639377017056,'2023-06-11 03:57:42','2023-07-10 12:26:14'),(1390,1,10,2020,1,0,-21.147802675626,'2023-06-11 03:57:42','2023-07-10 12:26:14'),(1391,1,10,2020,2,0,-50.351233420137,'2023-06-11 03:57:42','2023-07-10 12:26:14'),(1392,1,10,2020,3,0,-94.493810262049,'2023-06-11 03:57:42','2023-07-10 12:26:14'),(1393,1,10,2020,4,0,-205.57693293224,'2023-06-11 03:57:42','2023-07-10 12:26:14'),(1394,1,10,2020,5,0,-240.63095888434,'2023-06-11 03:57:42','2023-07-10 12:26:14'),(1395,1,10,2020,6,0,-251.63616219277,'2023-06-11 03:57:42','2023-07-10 12:26:14'),(1396,1,10,2020,7,0,-205.22761529198,'2023-06-11 03:57:42','2023-07-10 12:26:14'),(1397,1,10,2020,8,0,-193.1557928704,'2023-06-11 03:57:42','2023-07-10 12:26:14'),(1398,1,10,2020,9,0,-182.0584074963,'2023-06-11 03:57:42','2023-07-10 12:26:14'),(1399,1,10,2020,10,0,-173.04490905279,'2023-06-11 03:57:42','2023-07-10 12:26:14'),(1400,1,10,2020,11,0,-163.06714664285,'2023-06-11 03:57:42','2023-07-10 12:26:14'),(1401,1,10,2020,12,0,-153.22982475476,'2023-06-11 03:57:42','2023-07-10 12:26:14'),(1402,1,10,2021,1,0,-164.06625535571,'2023-06-11 03:57:42','2023-07-10 12:26:14'),(1403,1,10,2021,2,0,-139.11652750176,'2023-06-11 03:57:42','2023-07-10 12:26:14'),(1404,1,10,2021,3,0,-98.909534899138,'2023-06-11 03:57:42','2023-07-10 12:26:14'),(1405,1,10,2021,4,0,12.819733195293,'2023-06-11 03:57:42','2023-07-10 12:26:14'),(1406,1,10,2021,5,0,41.33315588208,'2023-06-11 03:57:42','2023-07-10 12:26:14'),(1407,1,10,2021,6,0,42.900673761876,'2023-06-11 03:57:42','2023-07-10 12:26:14'),(1408,1,10,2021,7,0,17.524316785302,'2023-06-11 03:57:42','2023-07-10 12:26:14'),(1409,1,10,2021,8,0,-34.800064622528,'2023-06-11 03:57:42','2023-07-10 12:26:14'),(1410,1,10,2021,9,0,-114.07064944567,'2023-06-11 03:57:42','2023-07-10 12:26:14'),(1411,2,6,2010,1,100,6301.6656043536,'2023-07-08 17:25:01','2023-07-08 17:51:34'),(1412,2,7,2010,1,10,68.661614727209,'2023-07-08 17:25:01','2023-07-08 17:51:34'),(1413,2,8,2010,1,10,-139.32398020889,'2023-07-08 17:25:01','2023-07-08 17:51:34'),(1414,2,9,2010,1,10,4.0416581369157,'2023-07-08 17:25:01','2023-07-08 17:51:34'),(1415,1,10,2010,13,0,20.173347207527,'2023-07-08 17:51:34','2023-07-10 12:26:13'),(1420,1,10,2010,14,0,20.863537984935,'2023-07-08 17:52:44','2023-07-10 12:26:13'),(1421,2,6,2010,2,10,523.11898429884,'2023-07-08 17:55:56','2023-07-10 12:25:57'),(1422,2,7,2010,2,10,68.661614727209,'2023-07-08 17:55:56','2023-07-10 12:25:57'),(1423,2,8,2010,2,10,-139.32398020889,'2023-07-08 17:55:56','2023-07-10 12:25:57'),(1424,2,9,2010,2,10,4.0416581369157,'2023-07-08 17:55:56','2023-07-10 12:25:57');
/*!40000 ALTER TABLE `variable_data` ENABLE KEYS */;
UNLOCK TABLES;

--
-- Table structure for table `variable_masters`
--

DROP TABLE IF EXISTS `variable_masters`;
/*!40101 SET @saved_cs_client     = @@character_set_client */;
/*!50503 SET character_set_client = utf8mb4 */;
CREATE TABLE `variable_masters` (
  `id` bigint unsigned NOT NULL AUTO_INCREMENT,
  `nama_variable` varchar(255) CHARACTER SET utf8mb4 COLLATE utf8mb4_unicode_ci NOT NULL,
  `created_at` timestamp NULL DEFAULT NULL,
  `updated_at` timestamp NULL DEFAULT NULL,
  PRIMARY KEY (`id`)
) ENGINE=InnoDB AUTO_INCREMENT=11 DEFAULT CHARSET=utf8mb4 COLLATE=utf8mb4_unicode_ci;
/*!40101 SET character_set_client = @saved_cs_client */;

--
-- Dumping data for table `variable_masters`
--

LOCK TABLES `variable_masters` WRITE;
/*!40000 ALTER TABLE `variable_masters` DISABLE KEYS */;
INSERT INTO `variable_masters` VALUES (1,'npf','2023-03-28 18:17:55','2023-03-28 18:17:55'),(2,'car','2023-03-28 18:17:55','2023-03-28 18:17:55'),(3,'ipr','2023-03-28 18:17:55','2023-03-28 18:17:55'),(4,'fdr','2023-03-28 18:17:55','2023-03-28 18:17:55'),(5,'ci','2023-03-28 18:17:55','2023-03-28 18:17:55'),(6,'gdp','2023-06-07 17:50:13','2023-06-07 17:50:13'),(7,'inf','2023-06-09 13:06:44','2023-06-09 13:06:49'),(8,'er','2023-06-07 17:54:51','2023-06-07 17:54:51'),(9,'jii','2023-06-07 17:54:51','2023-06-07 17:54:51'),(10,'ci','2023-06-09 13:06:44','2023-06-09 13:06:44');
/*!40000 ALTER TABLE `variable_masters` ENABLE KEYS */;
UNLOCK TABLES;

--
-- Table structure for table `variable_weights`
--

DROP TABLE IF EXISTS `variable_weights`;
/*!40101 SET @saved_cs_client     = @@character_set_client */;
/*!50503 SET character_set_client = utf8mb4 */;
CREATE TABLE `variable_weights` (
  `id` bigint unsigned NOT NULL AUTO_INCREMENT,
  `negara_masters_id` bigint unsigned NOT NULL,
  `variable_masters_id` bigint unsigned NOT NULL,
  `weight` double DEFAULT NULL,
  `based_year` year DEFAULT NULL,
  `created_at` timestamp NULL DEFAULT NULL,
  `updated_at` timestamp NULL DEFAULT NULL,
  PRIMARY KEY (`id`),
  KEY `variable_weights_negara_masters_id_foreign` (`negara_masters_id`),
  KEY `variable_weights_variable_masters_id_foreign` (`variable_masters_id`),
  CONSTRAINT `variable_weights_negara_masters_id_foreign` FOREIGN KEY (`negara_masters_id`) REFERENCES `negara_masters` (`id`) ON DELETE CASCADE,
  CONSTRAINT `variable_weights_variable_masters_id_foreign` FOREIGN KEY (`variable_masters_id`) REFERENCES `variable_masters` (`id`) ON DELETE CASCADE
) ENGINE=InnoDB AUTO_INCREMENT=9 DEFAULT CHARSET=utf8mb4 COLLATE=utf8mb4_unicode_ci;
/*!40101 SET character_set_client = @saved_cs_client */;

--
-- Dumping data for table `variable_weights`
--

LOCK TABLES `variable_weights` WRITE;
/*!40000 ALTER TABLE `variable_weights` DISABLE KEYS */;
INSERT INTO `variable_weights` VALUES (1,1,1,0.70003492719273,2021,'2023-03-29 02:29:45','2023-06-15 13:07:18'),(2,1,2,0.08177141878944,2020,'2023-03-29 02:29:45','2023-06-15 13:07:18'),(3,1,3,0.15362348363459,2021,'2023-03-29 02:29:45','2023-06-15 13:07:18'),(4,1,4,0.064570170383237,2018,'2023-03-29 02:29:45','2023-06-15 13:07:18'),(5,1,6,0.99923791120163,2013,'2023-06-10 19:01:01','2023-07-10 12:26:16'),(6,1,7,0.00024269122607724,2021,'2023-03-29 02:29:45','2023-07-10 12:26:16'),(7,1,8,0.00049866675300253,2017,'2023-03-29 02:29:45','2023-07-10 12:26:16'),(8,1,9,0.000020730819290324,2014,'2023-03-29 02:29:45','2023-07-10 12:26:16');
/*!40000 ALTER TABLE `variable_weights` ENABLE KEYS */;
UNLOCK TABLES;

--
-- Dumping routines for database 'sistemperbankan'
--
/*!40103 SET TIME_ZONE=@OLD_TIME_ZONE */;

/*!40101 SET SQL_MODE=@OLD_SQL_MODE */;
/*!40014 SET FOREIGN_KEY_CHECKS=@OLD_FOREIGN_KEY_CHECKS */;
/*!40014 SET UNIQUE_CHECKS=@OLD_UNIQUE_CHECKS */;
/*!40101 SET CHARACTER_SET_CLIENT=@OLD_CHARACTER_SET_CLIENT */;
/*!40101 SET CHARACTER_SET_RESULTS=@OLD_CHARACTER_SET_RESULTS */;
/*!40101 SET COLLATION_CONNECTION=@OLD_COLLATION_CONNECTION */;
/*!40111 SET SQL_NOTES=@OLD_SQL_NOTES */;

-- Dump completed on 2023-07-10 19:35:21
